borrower_id,trust_score,income,debt_to_income,age,employment_length,num_delinquencies,num_credit_lines
B0001,0.6156354589595345,55034.385154241405,0.3015813298346684,35,6.090706055609723,1,7
B0002,0.499996616136798,56431.485049049836,0.2702953695071609,31,2.0281561741928043,0,2
B0003,0.618607530492636,20100.85669537432,0.1045381151665044,68,12.985527812662736,2,2
B0004,0.3141104627643281,30623.009237450166,0.22500264590260194,41,1.172966066339112,2,6
B0005,0.9025159779864478,74373.70397323558,0.09145853481195196,30,2.3508668536554422,0,8
B0006,0.2416794010866928,62117.82802967064,0.5457859386668806,24,17.14592280401768,0,4
B0007,0.7582342954533831,15935.176915493974,0.041859411542165034,18,3.1641643795276524,1,6
B0008,0.36838946817435975,44841.43772909996,0.649237693775418,24,1.5653306325389345,0,8
B0009,0.4327478644229819,11081.860378183275,0.2810720906179367,36,5.340168730955575,0,6
B0010,0.720395657759638,37352.71733656371,0.29134280698889403,49,3.0638926220100418,1,4
B0011,0.8473196668199093,113398.13342548399,0.5462926117906662,46,2.296310708963925,2,6
B0012,0.19644526837859508,20563.323794067594,0.18968961415942878,37,1.8650788879330855,0,6
B0013,0.5971642359628521,22013.389761043625,0.2485969038960578,31,41.04622556865991,0,4
B0014,0.53789069824926,57435.5006265603,0.4392210898888791,37,3.6647439885860935,1,4
B0015,0.24901316313785007,14390.435893988171,0.46360692555333594,29,0.9603534470528395,0,5
B0016,0.635354542418434,24843.38955041567,0.2672577269945208,52,14.805042129921116,0,9
B0017,0.26576237332913755,51941.04906003435,0.2819303733536357,33,7.307174867950797,0,5
B0018,0.5154030943591819,24820.581604635245,0.5692730228078995,34,2.4274148787794463,2,6
B0019,0.38153366831030366,31521.275441678878,0.2236700886792262,18,2.124432544963176,0,9
B0020,0.4381079245774021,56755.70314202684,0.23061271313703677,33,7.681218834116284,0,3
B0021,0.4183952466696299,46766.74489331175,0.3531544202561912,43,3.6783538841208028,1,10
B0022,0.6930503377574219,42620.51707428843,0.23214236376262243,24,0.9600381509316565,1,7
B0023,0.26002611341832005,29629.52568291544,0.23843899928388845,27,18.723735024431374,0,6
B0024,0.5763284013658531,45344.15991365025,0.36526332118874694,42,3.1670724069059113,3,5
B0025,0.3917953008916769,33717.09952442874,0.4133211757037022,20,14.827111887188977,0,5
B0026,0.42893773821903497,47795.33721678602,0.1412777499469272,45,12.462796998430901,0,9
B0027,0.5967851585411745,26952.754662328985,0.2789410612672031,29,2.0121269857057564,1,7
B0028,0.35539474515981556,32547.59033898989,0.4770180100982217,31,10.242563104765706,0,7
B0029,0.41707042542585054,20050.81989603159,0.361797462056256,23,2.6613831267283854,2,5
B0030,0.5063343496295459,35560.666555988006,0.2961979733556478,38,1.0066616211030768,0,2
B0031,0.26510846152403633,22323.595267637305,0.3462252555015791,59,3.190958899821487,0,5
B0032,0.3952464769915693,18612.192019845523,0.10846004019288348,42,6.160204662473485,1,4
B0033,0.5625140647497485,42412.42703447769,0.22690828159919452,26,3.095070490871144,2,7
B0034,0.11593449875168234,41259.79695547431,0.15051581206901055,46,3.5055987288726635,0,3
B0035,0.19302400828250682,58088.57274522108,0.29450633404439086,31,11.1881237467127,0,3
B0036,0.4066672141999295,28038.242426749326,0.5362160322633829,48,4.880243832202456,0,6
B0037,0.5605532279283414,46389.652556728186,0.13751560636675203,43,2.2827054741576247,0,3
B0038,0.9068147633523634,50537.88557304006,0.26431929318681086,18,7.8587240521692605,0,5
B0039,0.39845175637842106,47423.078847218916,0.16674076091080736,24,5.249539999192914,0,3
B0040,0.1698036608879889,22128.193320217346,0.12875606452853877,44,0.5961375552365551,0,8
B0041,0.1390899432166346,39720.31661746905,0.3268563949085386,36,6.3134503326520255,0,3
B0042,0.39714612700773827,45183.36095726133,0.11576307637312196,24,6.131644385973428,0,7
B0043,0.8480405433381658,36472.25378223118,0.3384170503055753,28,4.554414141479285,0,5
B0044,0.14824897771351775,10384.955019205629,0.3598383820137326,18,9.146400965951695,0,6
B0045,0.41173746713706805,39986.363976313245,0.17378302708345014,34,2.6171478882073633,1,4
B0046,0.5393251704548254,136970.19462210962,0.2783028816737725,57,5.866157565817712,0,6
B0047,0.3199619669052693,29259.99309966461,0.6741949637316157,43,1.2794528211605731,1,7
B0048,0.6964589982602788,23462.38410473456,0.0363521567719536,56,6.206966602007674,0,10
B0049,0.6970727922674722,45433.68802413355,0.22449436638611184,43,21.379825771562597,2,7
B0050,0.1939234406739955,43801.65698163633,0.5983467250653779,45,2.022056207179988,0,6
B0051,0.5896672795115494,74283.2746155948,0.34663607642548144,54,2.440391053788739,1,4
B0052,0.6113367863832901,17073.436377515467,0.4031675737816288,38,2.5395518937590866,0,6
B0053,0.4222403661995449,56321.30442646588,0.5280499551515648,33,4.972877172935704,1,2
B0054,0.27969737062888184,51753.80509088798,0.4599431294093182,45,1.9147192032353073,1,2
B0055,0.7684734496241028,33346.63270351166,0.3354609478388799,49,6.277663787781395,1,3
B0056,0.2102880233199519,44498.5725785355,0.3901195855163728,30,8.823970655167328,0,9
B0057,0.33495006642058367,67351.09829352096,0.14652283416598802,27,6.8721552133019586,0,4
B0058,0.5993590168693158,61291.05735584114,0.23358324898373145,36,1.0890085111549241,0,7
B0059,0.6788077844681117,18291.438955974463,0.5355852061194166,43,9.935698019102816,0,8
B0060,0.7901257201512977,59402.697219367226,0.5458906890817872,42,9.486729538898347,1,6
B0061,0.29030466696113333,34932.9866140185,0.29324689662939285,20,8.707015655466202,1,3
B0062,0.7491170867631803,37938.604414920585,0.2606005376897788,54,6.039213564549915,0,6
B0063,0.5044392958680626,37945.955192514506,0.14618807443405762,28,5.344946052583786,1,3
B0064,0.5002135634915037,33185.03189548006,0.38358291962866264,32,10.236006143685636,0,7
B0065,0.4289774439913693,74237.48559348127,0.03720628790873445,25,20.880397288966247,1,6
B0066,0.7565908249239299,34536.40361958828,0.15265935678690293,61,2.0908436175777374,2,2
B0067,0.16869930039329645,18550.87659974697,0.32909401726592674,37,10.61746531725528,1,1
B0068,0.17019478824112327,28677.900462940786,0.30340905103521687,26,4.182990082679179,0,2
B0069,0.7950883484834409,40425.531416029415,0.2662427753170681,43,4.040068140847049,1,5
B0070,0.6106187875953987,75927.09409081365,0.23935286409338105,42,1.3109806536014377,1,4
B0071,0.8412260487015498,52148.81884405723,0.06726024683917943,33,3.5685825509179367,2,5
B0072,0.6959094476948927,21800.296132657444,0.5421148900980919,43,2.0181636900366886,0,8
B0073,0.387484578731324,161314.9509275672,0.166930655302071,26,3.092304037918971,0,4
B0074,0.7306097246821639,42568.30267277691,0.3125025751898585,30,1.8616271050403337,1,6
B0075,0.6518903868238308,78060.10944525526,0.5754859263203815,18,3.129500133839253,0,3
B0076,0.3378865795280868,33155.74685962265,0.42508896579516403,21,3.238504711180351,0,4
B0077,0.46504262183912504,50011.86452809692,0.6034669008975112,53,4.842368375142829,2,8
B0078,0.2827647885660249,60094.95074160024,0.1644219334624456,51,1.2314595724748019,0,5
B0079,0.8128423227225723,75426.71692072369,0.2086997984846618,35,1.409994046165837,0,7
B0080,0.9196572407481756,68488.49015698834,0.48071818860732274,51,5.986646565739565,0,2
B0081,0.9120340010608811,61286.70413085902,0.25076845023001687,33,2.3680089731318796,0,5
B0082,0.2288307941416894,30059.918777285417,0.13701348082005577,32,10.586968226583627,2,10
B0083,0.5909661557890107,25769.641056807188,0.6245064211462499,35,5.366713862895745,0,4
B0084,0.8988904257521785,44336.54263569287,0.19181205542314084,33,7.282030369002666,0,5
B0085,0.3672148613835674,63568.72247669099,0.2992083215716564,32,13.853720938035355,0,3
B0086,0.6761140450897111,31772.85473488323,0.26848915928564887,46,3.498139831701039,0,3
B0087,0.25157476119893746,68809.9186137894,0.3144923311622377,36,2.830379030333553,0,8
B0088,0.5980932051761079,86818.06900907213,0.16635921230399522,42,9.001237505356547,0,3
B0089,0.43686933949919643,20956.569340925278,0.03517978079936163,45,6.736973922236599,1,7
B0090,0.47358308051134723,21979.106525986448,0.3458810311827689,38,3.8579492200242425,1,8
B0091,0.6358166115237126,33382.095242935466,0.3484719423435887,25,13.642178770471563,2,4
B0092,0.5019030577582426,43676.592677713335,0.08214105244379034,21,3.7818168871477735,0,5
B0093,0.7016617502696598,26509.535879089883,0.21571526754008652,36,4.600748050945392,0,6
B0094,0.585084810842511,81741.86779685262,0.08269297157896618,33,4.558429337527861,0,1
B0095,0.11838558165974232,46837.53155954563,0.4167176195864318,35,2.121927521971165,0,2
B0096,0.5564771112158046,37185.278732629595,0.08798265186203791,34,4.768674156202268,0,3
B0097,0.6859186131076725,15343.60855739125,0.3530655050389947,60,13.700168635498455,0,4
B0098,0.6877918909197814,16490.018049796538,0.38241656334813184,21,6.397930970901971,0,4
B0099,0.6847805481337312,42984.95931731901,0.2537913909739236,18,4.594457754503415,0,4
B0100,0.6467663237115081,10101.53452348584,0.6066784600310963,38,3.937658176157641,1,3
B0101,0.36271500623702013,66674.80642516901,0.019293773873010477,31,5.839782907203222,1,5
B0102,0.4875430615926483,33027.89192725287,0.4187109793560707,38,8.164645453750127,0,5
B0103,0.3904354900625388,254194.69846500325,0.3403779918999732,40,7.2964728832366506,0,2
B0104,0.674064577452769,145037.81062915738,0.4848744923943458,47,3.4366876344582615,0,6
B0105,0.554282819490992,32569.46781644994,0.6146509543014494,19,5.811421906671351,0,3
B0106,0.7233095774137626,34070.86156713215,0.28244542696617414,29,6.579454195723798,0,4
B0107,0.40576184888425065,65995.9666911595,0.23873026417379783,39,2.002194862311679,0,3
B0108,0.5396682090640951,100901.85250156595,0.5366935287842728,42,5.127326806140649,1,6
B0109,0.4148474145428494,13591.264722409194,0.16882476789617254,56,0.7952942483930315,1,4
B0110,0.8796031530051215,12433.810830039622,0.421936365707615,44,6.593121890702841,1,1
B0111,0.8856111130092305,25003.700594286784,0.32649520209421795,34,7.600959152839259,3,9
B0112,0.12486827529617976,51515.73376042378,0.5665498107719812,26,8.150154634484595,1,7
B0113,0.28264178401236933,48928.931870805216,0.0714647231169887,29,3.2672953032489502,1,5
B0114,0.24039951481547503,69000.07516939404,0.061517378481216155,29,5.738727340234176,0,4
B0115,0.08224546022030065,17679.8611557779,0.2076698374564722,41,14.001480533726937,0,2
B0116,0.7658312655792822,9048.13268466962,0.27820649078075316,37,13.887868907828805,0,4
B0117,0.7289723509470696,60767.386463194925,0.38762730112288585,21,4.378305776843991,2,5
B0118,0.6959177672865311,22094.46130077186,0.13732166561977882,30,5.0100991463102655,1,4
B0119,0.6003124764680128,10817.357310195282,0.04255493968319861,43,10.899630785675006,0,6
B0120,0.5879785392179561,39617.976552212596,0.7027228461514909,38,1.3489929994698655,0,3
B0121,0.8684385622274672,58448.74018408856,0.20317663544645967,40,3.4609371529817192,0,7
B0122,0.4612774920762419,33751.013339608726,0.46368862189199295,38,13.045671128255337,0,5
B0123,0.23297375373255402,27592.270780216986,0.12020468764069948,51,9.778249040924534,0,6
B0124,0.6590331100261343,33003.9543056049,0.22828599728377968,37,6.021949367600476,0,7
B0125,0.5456265623939547,29075.47582128868,0.08954028761679939,31,1.3435751395716575,0,2
B0126,0.1680251170769776,16174.185018357679,0.6489173234820785,25,4.3062687657621845,0,6
B0127,0.36745914023635096,23651.731240658446,0.18626639539481818,37,2.7956585135804914,1,4
B0128,0.6026905822805648,49650.708686069,0.06984079086096595,18,5.840585929806962,0,6
B0129,0.9043183987127565,44046.76215598518,0.5452485679678547,33,2.34555641787596,0,3
B0130,0.41552841395226053,40168.39950751418,0.20766620943513778,32,1.9727357481189585,0,6
B0131,0.31325535682236666,19988.470491553726,0.5846635252330284,21,0.8590808656430596,0,8
B0132,0.7508246581381912,32568.410767655838,0.3427464554989851,25,11.910778517998045,0,3
B0133,0.35363331884989285,9835.57281997567,0.28745988068587547,43,3.2549717310500004,0,7
B0134,0.10303112421893607,40420.24281877116,0.42033422198834225,37,5.082059673519873,0,15
B0135,0.6513526894251843,85589.22043378078,0.15739539363225663,36,4.473671816186971,0,7
B0136,0.5620846841796776,14995.729218457094,0.1947627208764054,38,1.9079948114023597,0,6
B0137,0.5660357467316169,25551.29798261375,0.3006972383626088,35,1.636808109752288,1,3
B0138,0.7322389655382124,44243.5141683262,0.41727790375865326,47,2.0052082068893293,0,2
B0139,0.6202196443754265,77011.15655435175,0.27909865689419444,36,2.5129698199936774,0,5
B0140,0.582404770536907,27752.056657717472,0.044377672256745285,20,6.009160155560095,1,6
B0141,0.4506272115503183,23972.19275632807,0.3086928661865369,51,2.371270456663809,1,6
B0142,0.30471323551902035,11143.884092869634,0.21988137682584608,38,18.123193109767005,0,4
B0143,0.11232651954507486,38640.756936358855,0.2779642391875149,29,10.193199973619992,0,1
B0144,0.635512264275899,123654.37124531483,0.24802811702810665,22,8.556469296742153,0,6
B0145,0.5450295275340902,42890.90497430267,0.2439313657508924,38,4.072564413317301,0,8
B0146,0.3112182967384508,35833.28942348124,0.28669068665997793,33,15.050701306931012,0,2
B0147,0.14789411849290646,44057.43428924235,0.45677590314148764,50,3.7644263851507858,0,2
B0148,0.46294360399090667,36074.618111666096,0.11575628162141428,31,4.370995859770766,0,2
B0149,0.681754853461133,22296.642300873253,0.21332273652689307,26,5.134485439313921,0,5
B0150,0.6479351779442012,59514.06495555373,0.10900919371050445,43,7.857420975516927,1,7
B0151,0.2653595648239793,41583.42435608106,0.20700143984835262,44,7.459784028567236,4,7
B0152,0.38794154908730083,36701.31818188595,0.27856890114410343,36,3.0645470505510866,0,9
B0153,0.2738385689916113,20227.13671637226,0.1169248202694525,41,2.925908481597447,0,4
B0154,0.15810622536992103,79388.17916690727,0.31549142985616624,34,7.477678371905718,0,7
B0155,0.8946341455943861,54112.56252430418,0.3162212044643837,37,7.94219167774899,2,5
B0156,0.3567829610977888,26062.36236530334,0.13422725697303833,46,3.2717306646305375,0,7
B0157,0.7643680830359548,66243.65145809646,0.22304193248192541,41,1.2589141255253553,0,7
B0158,0.36247626043836084,26942.42597552608,0.043855712182668656,33,3.7967563996749223,0,3
B0159,0.6406589719997156,22715.389027232926,0.1366266134402893,48,7.38034687145999,0,5
B0160,0.6863606176985684,23021.368516048504,0.1935168773138802,18,18.997995567156025,0,5
B0161,0.5472116722221894,12548.530777026905,0.1753686069103065,55,1.7188124737356916,1,5
B0162,0.6429154408272634,48190.89723948395,0.05910023636451087,18,3.1859260418435484,1,5
B0163,0.6538891726687902,12104.26408224937,0.10248072450369504,28,3.282079287880645,1,8
B0164,0.7052526947549964,17377.537470551117,0.22215603808345902,34,13.258571799721452,1,2
B0165,0.20805415210551434,10453.030282595739,0.5000285008772033,33,4.358146270490913,0,6
B0166,0.25639851701392674,34487.70574613855,0.4009126906691318,45,2.168723514929451,0,6
B0167,0.9577272844558973,33183.489395336575,0.2714066205793128,24,7.007326372282707,1,6
B0168,0.09806207514682352,29851.25830155344,0.36171810344678385,37,3.2423201978506997,0,1
B0169,0.2828848151971761,19427.665447514206,0.525270632394125,29,1.6828523503316952,0,10
B0170,0.59011360227352,17973.60816603289,0.09372930398294126,37,2.194120656480894,1,5
B0171,0.6105928866396894,47983.952838428355,0.5416592873103925,34,17.943601043284612,0,3
B0172,0.7568838923694093,26099.43227020834,0.37596276335834095,35,6.094382086009035,0,0
B0173,0.6586410670822217,43906.38325441655,0.4574049041565562,29,4.885189340735995,3,7
B0174,0.7943592589134931,21350.934502877957,0.10113053816123027,29,3.669608612743091,0,4
B0175,0.2929436887832145,40483.00946393163,0.1982753755768706,37,5.661670973784628,0,6
B0176,0.05602322509006499,79377.22937300711,0.4417852325659172,44,5.607969756528465,1,4
B0177,0.7754578524948671,51621.807091063616,0.2546060207547748,29,5.661761498234153,0,2
B0178,0.39371662400567525,28354.802894361408,0.23121024686283925,26,4.912957350607471,0,4
B0179,0.26318741925112715,42375.234653517546,0.5268198911496275,41,8.98034832596182,0,9
B0180,0.8112776964552049,31432.601427011556,0.23330830747946868,34,4.565296564603148,1,4
B0181,0.3129990102877625,36487.61295286717,0.31115695134245586,43,2.049608771071999,2,5
B0182,0.3310097468653145,29870.70068376527,0.524666091044456,25,2.745770388897644,3,8
B0183,0.5561088701516702,32905.624397336156,0.559748196328072,18,0.9201533345920665,0,2
B0184,0.6820909633163098,41243.79729476206,0.13000533513897383,29,22.67932446299938,0,2
B0185,0.5014874824468347,20009.94702705788,0.2266906582078569,27,8.937033166724332,1,5
B0186,0.7799668155571725,19741.389563663684,0.39422686523611117,34,2.3069899062165025,1,4
B0187,0.22913492572519903,15785.932395540922,0.5965756479476296,28,3.5769987845550633,0,8
B0188,0.727471363781641,13902.685992170875,0.1326139166973097,42,2.692577250512184,0,6
B0189,0.8150163141952667,17494.299861764244,0.40259383540597493,32,15.394922836186346,0,9
B0190,0.5655208630376035,39961.729159357936,0.23855608755377553,36,1.4392156368908648,1,7
B0191,0.6054145323009311,21254.575965108896,0.5207941326840836,36,4.911507136032747,0,2
B0192,0.2335077451998958,49422.876278082585,0.14495928591700527,36,4.108991930124427,0,8
B0193,0.9583629317434741,37079.82311294222,0.5300851166238831,34,8.683901459314116,0,3
B0194,0.33573123914213043,11146.685542521996,0.3911389771858987,40,4.12387237104361,0,5
B0195,0.44953479147874054,53797.66536646961,0.21296874618134354,27,1.0979369278475564,0,4
B0196,0.8244085111606082,59070.04294708038,0.06885748190542336,48,3.666016800834544,0,5
B0197,0.31141040423092176,20003.89723092009,0.3495093655024614,32,2.059102535810754,0,4
B0198,0.5282649010012375,46728.75186035607,0.2538970213381382,21,4.776287815948003,0,8
B0199,0.2536825158074584,21722.438934687038,0.049966501551172604,36,14.11646193111804,1,0
B0200,0.6631491741744263,38507.265857798404,0.5390471040258038,26,1.114560107464407,1,7
B0201,0.8042322670898883,17005.65059629454,0.2180087472010178,41,2.362739643586296,0,4
B0202,0.23975445474699555,12383.697000041277,0.5118208698936791,57,2.8801593917475556,1,5
B0203,0.12150962053599126,28862.824201857075,0.36383550059999703,27,3.302550747447325,3,2
B0204,0.032187173892523235,33717.17506076122,0.5445112071782316,38,8.101915630292243,0,3
B0205,0.3210048614300583,28606.584106625065,0.021424560859513445,18,3.900732928840832,0,3
B0206,0.49324533183431485,17846.838649758247,0.30393615862501594,39,6.250379491695937,0,1
B0207,0.8783893489921974,28568.51632690074,0.6520465348706161,26,2.716601267588473,1,3
B0208,0.5684486458180996,42683.89029423576,0.14106139002088292,28,5.386735141921121,0,4
B0209,0.5554627071182652,35350.371551724806,0.2987765014304245,23,8.349804327051782,1,4
B0210,0.7352673421006285,40517.96027441504,0.09442851918802522,42,2.4946797399182556,2,7
B0211,0.5894123577892502,24292.692883552598,0.6359035595895273,45,8.37362174029432,1,9
B0212,0.3807588094711804,73352.41804157138,0.21821606088093304,35,4.67345307521833,0,1
B0213,0.3248231078366541,17931.173224602877,0.31548241620622397,26,10.343602290323481,2,3
B0214,0.7308323035637833,48656.2806649117,0.2607079261211888,50,3.8147078401832766,0,5
B0215,0.6981166918027266,73801.5236305588,0.4224273898295277,27,6.0799454514064495,0,1
B0216,0.16898731119980093,48462.464800252594,0.17082926524558278,18,4.3384407729627,0,3
B0217,0.5547326761648753,32160.216774187866,0.2565863199801682,39,4.149675715589044,0,5
B0218,0.35990595925325863,26450.27335464458,0.2651574433650202,23,5.513195180045135,0,7
B0219,0.799091531585191,67619.56144284277,0.06069065270309632,44,6.88569434043638,0,4
B0220,0.2392466605421522,15463.14987380599,0.03981419539660806,31,1.6492952417579352,0,6
B0221,0.7259689569295272,20290.85242012862,0.3354249355384948,41,14.110326243756528,0,4
B0222,0.8814711238678273,28608.676951438472,0.04610898882254193,49,1.0123451474989598,2,3
B0223,0.37656793741240696,76312.5170676084,0.22876947246039814,22,2.591275724609261,0,5
B0224,0.46051823165703154,45609.010817342816,0.12774179627077423,29,4.156131623232218,0,4
B0225,0.5619034940124811,20316.172950289874,0.2880155464028137,34,6.233168401991152,0,4
B0226,0.5396354723352358,30146.236749483356,0.41482868396751027,50,15.81467050479474,0,4
B0227,0.15401274461742243,25119.660705448845,0.412519320532224,28,1.0134565445955173,1,5
B0228,0.3735403634267262,23721.251299727428,0.32382135747885105,29,2.9857312666327296,1,4
B0229,0.7464548412010864,65338.30444762812,0.31353705931765424,39,0.8175307271090014,2,8
B0230,0.47317655943499853,15945.853765955337,0.4400307639755862,29,4.596511191601821,0,3
B0231,0.8362306086946255,95346.08142551228,0.3212658186958191,36,5.569731608557286,0,5
B0232,0.6907887837808583,59691.07639637609,0.18063380661030148,19,16.000765962289268,0,4
B0233,0.39645013317129596,69878.7588104451,0.04570184569445863,57,4.9357656547063895,1,3
B0234,0.3393889812169841,27508.113947865542,0.48569234685371127,21,10.33173373043656,0,5
B0235,0.20405740796202948,33191.05093943856,0.6518362739185918,31,7.1496947624716825,0,5
B0236,0.21039733866516938,15369.017500350014,0.19314955151795596,34,3.1638873398455947,0,5
B0237,0.47055792502605054,26508.01862324968,0.20605113739292036,54,1.4518395427763207,1,2
B0238,0.44090384903246294,48834.529267263904,0.04119536324293344,21,5.5845387321863225,1,4
B0239,0.4493899834244515,79034.34920931091,0.2056788360416841,54,1.3584147383243368,0,4
B0240,0.7005433498564726,18689.289970461406,0.25109787232048447,42,12.631145867973776,0,7
B0241,0.5389823560550437,29164.17751838207,0.13708514515114265,39,3.9367295626207617,1,2
B0242,0.7107112274823391,33164.00791373977,0.1302740052424783,25,11.659740547910573,0,3
B0243,0.5242450791080219,15717.44433542954,0.27226555093312327,40,3.0520956489565236,0,4
B0244,0.4665134485052035,51782.60417227337,0.24611140006925436,27,5.557123560285129,0,5
B0245,0.4958048760758314,23519.985863117072,0.1412021092298885,47,5.298793143568031,1,7
B0246,0.36484770044934745,32298.167998638073,0.4861145992171175,25,4.323065277385466,0,5
B0247,0.8401848302973887,27690.104133642795,0.014780399990921697,33,3.170446371841664,0,3
B0248,0.3705009870594558,22615.638083452755,0.4539745004458399,29,6.134722315408597,1,2
B0249,0.5959890899976634,36162.321336980254,0.14232334105250088,25,2.136287243206769,2,5
B0250,0.33923695656938346,31908.70874288435,0.24148516808347148,42,1.7031027538640036,0,7
B0251,0.8281508335328468,29053.23949825937,0.33406224991965594,40,12.112785100652703,0,5
B0252,0.20779684640304963,23456.97162171913,0.2810880917112684,47,8.01836384018591,1,5
B0253,0.28317167888987754,43989.876305880985,0.2061293731635253,18,4.724271111273764,0,7
B0254,0.6778375360386982,97945.88008658393,0.18514483032691872,45,16.981319824369084,1,7
B0255,0.5445793186295788,39495.11765992555,0.24593288911295919,60,3.617515936919136,0,10
B0256,0.36672353745114983,66017.22217051835,0.4382524363063503,30,12.912070557346665,0,4
B0257,0.644948881258528,15770.03414131168,0.3490695177338801,53,5.1575376600858736,0,4
B0258,0.45977657572951425,39920.963407007366,0.11797091530700014,32,1.9742713625732553,0,0
B0259,0.38561707704283577,18799.376974550865,0.5547513375151625,21,19.65697335379516,0,3
B0260,0.39491755233163606,14970.622256958062,0.07677377226121533,31,9.900335815266791,1,3
B0261,0.7584243502968773,23303.926752970307,0.4839746396768906,45,4.068128945464132,1,2
B0262,0.6428209182809254,74246.0309968369,0.36769343785541203,26,8.018384820370422,0,9
B0263,0.6244749970777423,64216.11670564638,0.08133912099374865,28,3.24474658398073,1,8
B0264,0.5113546597071191,42015.87631054507,0.45553429315943345,40,8.699966960830467,2,8
B0265,0.46739113392090714,14477.915002994665,0.3740042746314323,35,0.6617530345593621,0,4
B0266,0.32308742373747784,32280.919566464327,0.34039059318099796,40,1.9821040520557935,0,10
B0267,0.7946606723717613,43521.920310629575,0.1467751624799286,37,9.810054169520606,0,3
B0268,0.19432077903666412,40348.993846924495,0.26731000106425495,39,3.6703079529248526,0,2
B0269,0.14021832171692455,12012.749822151685,0.16045474274024674,30,5.2911405942617185,0,2
B0270,0.6326019567555802,21286.094352257842,0.30505491860505535,37,1.5258802708388497,1,2
B0271,0.40191703217357894,34945.792058352155,0.10389755243693713,25,19.654249934067085,2,6
B0272,0.807198655578914,50099.91275780758,0.5856177790771253,47,11.61646763346667,1,2
B0273,0.6673297066588612,9723.717734891508,0.28277292831949336,28,3.816950576035351,0,9
B0274,0.4685006227618917,32949.31052126192,0.21349160042160203,46,3.242171477791753,1,8
B0275,0.6762615790908381,39570.10792921763,0.3559589768372399,32,10.213225408910342,0,4
B0276,0.7465211343836315,60461.80927904479,0.5734595733853664,37,21.888827791249103,2,4
B0277,0.7403798791097563,55034.44552984448,0.1639735907199302,30,9.611960463761271,1,3
B0278,0.4469499877441838,51510.59487829343,0.41380820189462775,24,25.46849336482607,0,9
B0279,0.16314473411980232,22472.232073918967,0.2933154218576188,18,2.142811896271061,1,10
B0280,0.029214886539795547,11558.758239474862,0.24207956740808184,24,2.3267920948186203,0,5
B0281,0.7639424811726677,28686.110955052205,0.027126752195815736,31,1.7312559115429378,0,5
B0282,0.49140215547601795,66235.97975581499,0.3306799193500325,37,6.381534079081276,1,9
B0283,0.29113331633176237,83790.31579734001,0.40271808547001314,45,5.157659234495347,1,2
B0284,0.5544332209117573,55621.74280161956,0.49027942323195844,30,3.9687020481200137,0,5
B0285,0.5785055067536863,46985.97790258558,0.4097408355054224,26,8.562625860344408,0,5
B0286,0.5628218809181152,45605.508517617025,0.23165967049274275,20,12.011480300659102,0,8
B0287,0.3747949740642493,26012.403265978068,0.13816533619505017,39,1.322428835307007,1,6
B0288,0.644842605723617,33589.3329515968,0.031426297406720205,48,2.779920632067826,0,6
B0289,0.23647206367362553,98858.19370934292,0.42131836858830984,47,8.637514564605029,0,7
B0290,0.39585764197301315,20629.248884855024,0.33242093563212066,42,3.082709915708219,0,5
B0291,0.27653186918162,95689.82734215328,0.26139806288100587,41,2.3665545923516254,0,5
B0292,0.6686279183134871,29934.983953207244,0.13597794871736024,51,10.123201242216256,0,7
B0293,0.31426159510308443,80439.39039343757,0.05855693160632409,38,1.5974361603052658,2,4
B0294,0.16974070965575214,15613.80900480622,0.6014318584295841,41,3.5209687111042034,0,4
B0295,0.5722316637432127,51613.705191981455,0.542582950337692,31,5.829406654436613,0,6
B0296,0.5739193926130575,23340.3270561626,0.6298113016787912,21,2.83188925125604,0,6
B0297,0.21569291773160576,15534.826987953336,0.5844102972718348,28,8.38567191307374,1,4
B0298,0.7014254366405033,41403.488744201466,0.2623930633446406,34,2.843109705450125,0,3
B0299,0.4952012031054115,66548.28631526354,0.13723390477446187,35,13.830766882038606,1,3
B0300,0.3782557553751019,21873.587481002418,0.21205340635920894,54,4.052779580983643,0,10
B0301,0.07332204478697349,14773.501616916714,0.14378316666901567,35,7.66769546514649,0,6
B0302,0.6351100679699477,34368.411165075355,0.16497031625303862,46,8.140235919925226,0,6
B0303,0.5536111049730273,34459.45872903098,0.35072344799765787,30,2.7127638819546394,1,4
B0304,0.5617944083565326,50462.80334974627,0.1236767140023194,31,0.8669367661671209,0,1
B0305,0.6745630565501239,64199.88785172711,0.3001301290644164,21,5.981100635170808,3,5
B0306,0.11845545405234478,35043.69152480419,0.08817666749276759,27,4.748509017405435,0,7
B0307,0.40491300159082055,110558.71196968957,0.2813573235923288,40,6.991260171622056,1,4
B0308,0.7800633301490388,41545.34858985728,0.2627604540410931,35,3.738849792800462,2,3
B0309,0.23314944796082224,29499.957345035345,0.5717220352780182,44,3.176112107075275,1,5
B0310,0.5001288801817053,13808.77563392197,0.09787928660380361,36,22.348929186323986,0,7
B0311,0.1753671915777922,31020.522724898703,0.18090841061389792,31,1.380045888001646,0,9
B0312,0.6290497578994242,29678.19359578253,0.19189297244548909,56,8.061989664493739,1,2
B0313,0.49324803181335564,64613.77341279402,0.4378854504808222,34,2.8301183015613303,0,6
B0314,0.6417441540763146,47929.67802107033,0.27657048229760856,46,3.4259441768878403,0,2
B0315,0.5938802935896661,17896.823661781815,0.3600801505110385,30,3.4775142199625355,1,3
B0316,0.8028086724147343,40269.62057789266,0.29820374710933634,42,2.3566770110953503,2,5
B0317,0.8446053483816609,54334.71949848604,0.11032125402614003,44,7.077914967299547,0,3
B0318,0.15038176281644125,90836.71341495123,0.1518890752929192,37,13.633293829161959,2,4
B0319,0.5613565269070655,61852.16495041883,0.390328238498523,18,6.5274145386533124,0,5
B0320,0.8165701534184686,57325.91060687666,0.33110688613123673,35,4.868109150762193,1,4
B0321,0.4878234006462775,37648.620662588044,0.2008776114080248,47,2.0357160019468528,0,5
B0322,0.891729804947734,45843.43133793156,0.04897961730116127,40,6.776496396160861,1,2
B0323,0.42689709409350124,76857.08524006116,0.12330677773666152,39,25.155579110993106,1,4
B0324,0.6709950715619886,16323.051031624256,0.3349205797884951,18,3.305025870518466,1,5
B0325,0.875131703706061,29446.678656981294,0.1397202806821597,27,3.317505471538291,0,6
B0326,0.2401809285593869,22844.341999204582,0.5791007161606667,39,2.860878356148319,1,10
B0327,0.46277106473560414,45592.197401059835,0.7419448036885942,39,3.0297151718242006,0,5
B0328,0.8550426024774356,75973.00094212641,0.229838746712316,47,0.4984561571792946,1,6
B0329,0.6710691137401231,25382.504792012816,0.4154026027994106,33,6.196770744395121,1,7
B0330,0.5903125040701521,8654.350136962776,0.3325062048861093,39,2.2785932545209984,0,4
B0331,0.7192191056444507,28358.08781600904,0.426517797894386,35,1.2358877094718939,1,7
B0332,0.5808211822877384,62823.484478154984,0.6609010846342681,25,8.18703626351039,0,6
B0333,0.6245638238062725,50140.179003009805,0.2930990674380786,18,1.885863435450812,0,2
B0334,0.5809240341893123,46953.4398731525,0.013338125594690553,39,3.418031350721992,1,3
B0335,0.39560073681983415,30699.57282168274,0.33712256543589203,36,14.485583492604508,0,4
B0336,0.5304764340156751,16858.016145094727,0.5170278545537692,28,1.4515433382244909,0,4
B0337,0.9001094524762132,49472.71542112959,0.057227944692269175,18,1.3151114466223617,0,5
B0338,0.33213580817917415,22013.9344070928,0.6068938944826024,41,5.5591485144408175,0,7
B0339,0.7936955649899637,134653.2238004169,0.6435601389477845,32,11.241248234693424,0,3
B0340,0.5385557664878824,51139.08338342221,0.44023672812312487,40,1.271918799252266,0,3
B0341,0.6925303581871591,25632.363172116333,0.07909472550479474,53,6.20994344904373,0,6
B0342,0.7298301454759805,25163.979135955047,0.26411880581258146,18,7.133483124988261,0,3
B0343,0.6454142499552971,34345.74699071212,0.1450596760975019,28,0.8630105294796425,1,9
B0344,0.41247992690872987,31454.547516248167,0.34464245759930123,32,8.489253507141436,1,7
B0345,0.8273054152885522,70976.22674085482,0.12057825936537216,49,9.036615420157966,0,5
B0346,0.7042450933327872,40613.252226373974,0.5177780423520806,18,3.492338403130988,1,6
B0347,0.5672864218220006,23412.397217068796,0.2290506178869762,54,12.205383072061977,2,6
B0348,0.5866595561228377,112900.75202440504,0.21150460958675008,36,11.12466215453921,1,3
B0349,0.3516781287426979,37405.94765292767,0.19627872082327022,34,4.867080840190512,0,8
B0350,0.6564571582982066,57601.49525189511,0.18236175387586814,33,3.123154934121411,1,10
B0351,0.8236313751302886,25211.716238019297,0.2522517475269617,30,2.0580062738673788,0,6
B0352,0.2813537120000904,45155.590719849635,0.04065240918944571,45,4.349014172942426,0,7
B0353,0.301368002378542,43768.33959470208,0.3578187963663263,24,7.0696228669528836,1,2
B0354,0.6521081277833057,11686.743272260348,0.15550326169247852,38,3.4578897742250834,1,5
B0355,0.30995626673438387,121681.84216922632,0.4235698184514463,31,0.7725946107786568,0,8
B0356,0.4760618628847874,78777.81309980982,0.44685219369483503,27,12.36625158295382,1,6
B0357,0.48248324652163266,28614.89914572904,0.4449458737235301,60,5.218336001810462,1,2
B0358,0.3250538413067248,18744.171987089347,0.3495493880605239,39,3.307856520256071,0,3
B0359,0.7477526489083836,44736.140591540294,0.3159843982220047,41,8.897111831330806,0,10
B0360,0.6703204451226928,38254.58187447273,0.49764687439639277,46,15.175933901887738,1,3
B0361,0.5974200392776249,44954.285253507514,0.35301906041150677,20,0.47638484400893566,1,4
B0362,0.46044981077400304,40739.21567844856,0.348523207774895,52,6.343374738293597,0,9
B0363,0.6417653156965729,49204.708227539435,0.39836736091044056,18,1.4314395716420059,0,2
B0364,0.09131310412739142,86541.85248262314,0.5924717736409679,27,6.681138488515849,2,5
B0365,0.23076463989145266,51065.373443029166,0.6535663036221161,30,4.964644838462046,0,1
B0366,0.5350222831044322,19345.337254372982,0.06796828775507222,40,7.452736058563475,0,5
B0367,0.49022813877895616,82251.5663016514,0.44717098881103223,37,3.0059748010285405,0,9
B0368,0.6254048356737949,97184.71627277222,0.11589173380314252,33,1.0014089021160224,1,2
B0369,0.5072049685280746,240682.52989054073,0.28143334907335055,34,3.125847501795403,0,5
B0370,0.35568307486549866,18506.98634514241,0.11956740938013885,25,6.205761334772783,0,6
B0371,0.7770778549237632,42012.78299113706,0.19888562321116215,20,10.097762482721276,0,7
B0372,0.40968657984141044,10412.276046313287,0.07044139226118197,42,1.7551160140801645,0,3
B0373,0.41556674021659973,50609.24235470904,0.4551597928900048,41,10.192461123709593,1,7
B0374,0.8993449744185308,26136.284042861655,0.379625712051158,50,2.668995456993263,2,7
B0375,0.17430281861267038,115158.81756263653,0.6618131445009781,27,5.989212325751512,0,6
B0376,0.42970259970058583,22816.31246212203,0.44064618606645983,41,2.9804814197092853,0,4
B0377,0.5607251796434377,13180.45299335471,0.06948792611562547,32,5.18482713751286,1,10
B0378,0.40955200008588005,27371.066179258403,0.5095985612755747,46,9.147696579554554,0,6
B0379,0.3417586429244871,11100.077144927227,0.1493362462553793,45,1.679319644986712,0,8
B0380,0.4638847546087755,56991.628790370894,0.314720980619649,37,2.601466391059597,0,3
B0381,0.36079145842179455,10519.123572751269,0.10387418789996018,31,5.196420742689145,0,6
B0382,0.735069329240235,36940.89746660106,0.5929483893002673,44,30.608168838062046,0,9
B0383,0.05412309706005629,10439.092246489055,0.14932316516690733,41,2.2466680012104994,2,3
B0384,0.574683075457731,29966.078890840643,0.17296957661999926,28,22.922228320830357,0,7
B0385,0.4038344122438353,97345.99731141957,0.5397535652724146,21,22.276641050414213,1,4
B0386,0.5595351158092955,45088.78093827547,0.20638116668271503,32,4.146029293356112,1,3
B0387,0.6303744625010012,21631.45613895091,0.5549298642100525,50,3.5306358388330485,1,9
B0388,0.25964982850838114,35641.92550485857,0.26469616515204925,46,2.57628346015481,0,4
B0389,0.5571503392541095,36710.20729225601,0.20752197434122818,23,4.243710378026892,1,4
B0390,0.1502986514557679,48222.365527292786,0.053680119741308374,23,1.4544451009324755,0,3
B0391,0.2010900355996999,15992.65737828444,0.44520273384232933,47,4.216514277561047,0,2
B0392,0.6636382406195102,51820.461728221875,0.6184913264668911,23,14.842641478167069,1,3
B0393,0.4304939571765211,7167.878620865115,0.3079636847431777,40,2.7487106577850637,1,6
B0394,0.8056644063714523,24886.213852442197,0.6201983383691245,28,3.6966261666321376,0,12
B0395,0.5197109623679601,27093.136105012076,0.15909065280331444,51,1.1492247913421239,1,7
B0396,0.398445914890986,53103.392583087305,0.3646050375441866,27,6.045109938017874,0,4
B0397,0.4561679889055216,36811.97620647483,0.1976561346945491,46,5.53773375714998,0,7
B0398,0.4034121754387273,15625.542088803719,0.5660612912767989,36,4.716004268630345,0,5
B0399,0.3694174430104085,20110.636325520765,0.2127014778705359,37,3.767977403779333,0,8
B0400,0.2333639712371543,40913.19907454641,0.3177348235421192,18,3.5459058809413424,0,4
B0401,0.6521030174412638,34632.90756975301,0.45414648296824117,18,6.696065981191523,0,7
B0402,0.6072441010240631,25655.81509391206,0.545266438474012,32,4.379553237998984,0,5
B0403,0.7654665379190502,27214.351077614767,0.6096707303826775,37,5.765993646033269,0,2
B0404,0.5114966349242623,55143.866205934166,0.0540647978366633,23,5.322729597260093,0,4
B0405,0.7486434539972887,26619.10463350601,0.45879491919932563,24,11.009316068395147,2,6
B0406,0.4149360861618752,34445.89990650617,0.2797013575382582,40,7.70288764893789,0,6
B0407,0.459302031663626,133514.04440815048,0.3072771084580013,40,5.229363006193411,1,4
B0408,0.7957964320949734,15456.585197144643,0.32623161549080326,33,15.100647512465862,0,3
B0409,0.6999497656445272,11954.874247962405,0.10722526643173298,42,6.272749800931261,1,4
B0410,0.693351406022942,58113.53051114473,0.3770639818680073,23,12.730111241120278,0,5
B0411,0.20412719993606246,24168.711520188695,0.16405303958143092,31,7.283081726450279,2,7
B0412,0.56257257163834,30003.144846126826,0.09330735258658554,51,1.02681803778966,0,10
B0413,0.7370465065650245,22726.93748145711,0.42918851852003115,35,12.728808503400723,0,7
B0414,0.640472976101255,31073.788072548283,0.4391404412077546,36,4.993519606382481,1,5
B0415,0.6866176360684745,94761.91502277667,0.4907174735759635,58,4.29923105925391,0,3
B0416,0.7894592840662367,58763.5518486729,0.23375009773159186,21,5.612962628947775,1,4
B0417,0.24163780843683072,60921.053932615054,0.5873590601705874,42,3.4008094282954358,0,4
B0418,0.3962256984185594,15525.882772292289,0.27353861055878254,51,5.374271813679217,0,8
B0419,0.8073551500348415,18202.38226295958,0.5338089235523403,31,2.7912768596393676,0,8
B0420,0.6108196700171952,6611.4138415553025,0.4977652419867526,43,12.421362927364441,0,4
B0421,0.08716603270128277,22345.304921566036,0.19639232316728122,25,4.09239146359199,2,4
B0422,0.1210457353995053,64474.29600659564,0.20698281621196843,28,3.30003450943418,0,8
B0423,0.4386534863643234,49521.78285561685,0.3092807852183382,38,2.1384031254492513,0,4
B0424,0.5687482662037904,31795.881322787285,0.6464823574417933,42,5.556790155088623,0,6
B0425,0.32974619419114787,35832.83137948172,0.2201679526464557,46,5.2053434269916945,0,6
B0426,0.4587565092329525,24020.638431759526,0.3283080109753143,50,6.114968946903394,1,1
B0427,0.29031383923406695,41062.695220380745,0.33252998755671026,34,1.970324972875573,0,5
B0428,0.5077697728097773,57499.23760697264,0.21432489810933478,46,1.2448997952701595,0,3
B0429,0.1095910277143867,13773.034358669793,0.572961885670593,31,7.392552259694831,0,9
B0430,0.6622175436187665,43468.360721549565,0.20519381117795477,44,14.698030269011923,0,4
B0431,0.5457090428493959,63542.28841837823,0.3413790661984561,37,1.9717413810896998,0,8
B0432,0.6205345366654692,28309.13510070095,0.36965400535978404,39,15.983437452111003,0,8
B0433,0.12288498234789269,55294.03786225969,0.44574191783478245,39,5.624481955161358,1,2
B0434,0.3959138646849596,196573.69274596334,0.3298240899255619,18,4.4564374836346285,0,6
B0435,0.8371751161246453,34111.65262843698,0.1697069302969916,23,3.260762431617167,0,9
B0436,0.45048782185877856,45981.031420491454,0.5634015339795546,36,1.480508462414866,1,4
B0437,0.7118112179095033,23322.311344315338,0.010196305733309296,18,9.876743110607567,0,4
B0438,0.5046757375147426,40487.58640372284,0.24975737013497698,43,2.4097304887380226,0,6
B0439,0.3304549305078012,47866.10797312481,0.28196937401071487,43,2.4016467776504373,1,13
B0440,0.9389037162923562,40819.100655431736,0.40258254268631727,38,9.909967292769554,0,6
B0441,0.6376889105665139,19696.235560653524,0.19538293948857569,23,0.9936335946464842,0,8
B0442,0.8726883641117518,41102.20558015754,0.39933212326921586,48,1.3246148679193428,0,8
B0443,0.2688887435611945,87318.49396711202,0.32099579652469723,55,4.417140783425638,0,1
B0444,0.18017084796852875,47533.09378563923,0.39945070041779657,36,5.6668167662772895,0,8
B0445,0.6463899556358209,64679.029791240035,0.4488438519283061,40,6.60474095962738,1,4
B0446,0.5519208948673409,31501.574824493946,0.37861394276732835,37,3.520352776845521,0,4
B0447,0.47845116776371416,56950.636407214086,0.4650848299745363,40,33.92986957730769,0,2
B0448,0.6623147234493371,42940.07005654447,0.34548953893602097,33,3.7347689391409644,0,6
B0449,0.42338542671745494,20526.121267596773,0.164556678652816,34,3.7261334160603163,0,6
B0450,0.3029416622361212,43963.393595124835,0.1366464192248491,44,2.368864354404045,2,3
B0451,0.2579767789001284,20029.911332913525,0.36716886306510804,58,4.948702659388547,0,5
B0452,0.5364206964045242,24841.522714369265,0.1466526371833348,20,7.329952133342132,0,8
B0453,0.2774096702340002,40684.27708461196,0.03959656491633954,33,11.738363901137669,1,9
B0454,0.7884482791181512,43405.722404201595,0.5967975038025918,23,1.361480333704973,2,3
B0455,0.6630935784326627,17791.222931859313,0.6429565418317447,50,3.681070951658993,1,2
B0456,0.704818879681985,68349.63231610293,0.14532007470929792,29,6.406818979117986,0,7
B0457,0.8144333372228573,51185.10071305705,0.2151998557400064,20,7.168138716499715,0,6
B0458,0.6096066912848822,23793.3863986509,0.16813499932082843,41,4.505229919367841,1,6
B0459,0.3670478821510229,14435.54897397168,0.35865151241403903,52,6.916702755278978,1,6
B0460,0.2222525678673753,33291.49548637298,0.16118621192947327,41,2.3462748158092857,1,4
B0461,0.5147388455416955,27790.062498300595,0.1980749629322979,37,15.5852405194784,0,6
B0462,0.23850241677678294,38866.35612329481,0.42307013488049805,39,9.915532652189858,1,10
B0463,0.28619091776631783,29206.016259167074,0.10168847227389954,49,1.52814987298382,0,4
B0464,0.21813598830979905,10889.19055053153,0.3039864056944973,26,1.8963245427226558,0,3
B0465,0.6582106466987958,28767.220390513103,0.0932043709013969,33,1.939562825333691,0,0
B0466,0.39781458733867703,30231.162232391118,0.13766859448242402,30,7.70890363224425,0,8
B0467,0.500069716285166,53114.041901698074,0.08085886008776844,23,1.6035465770838806,1,3
B0468,0.27699665140257157,23886.77399071714,0.2637039916695148,31,3.4389993162698023,0,4
B0469,0.3527327199025528,99429.56708763626,0.2999989955419524,46,6.4479581650545015,0,5
B0470,0.6717419093658389,11533.5524368148,0.02798350076654308,40,4.2506301917806715,0,3
B0471,0.16302116084000115,79753.86621696256,0.2504144814476039,41,5.513005915246087,1,2
B0472,0.6674054849043554,31742.40037724669,0.07901370765622755,36,1.9104863266313339,1,8
B0473,0.7446456540996051,60824.68101959846,0.6539070556854912,40,7.212989506508258,0,4
B0474,0.6435113719784533,38096.62179688503,0.4509939487709603,26,2.74403780203125,1,3
B0475,0.30654775635390813,71950.47554068982,0.3320008315966244,31,3.4566650313468155,0,8
B0476,0.4050169210124223,28784.226389295392,0.46022285720393047,36,5.420485474193807,2,5
B0477,0.2787084081904574,18785.258988424608,0.22138573813787707,37,4.866926247857957,0,6
B0478,0.4208428905878401,85161.31601789908,0.41973697615822614,38,4.568495850688879,0,7
B0479,0.5684315492801173,33925.14003480639,0.1423201089770203,33,2.4583700337234666,0,10
B0480,0.6090158765152041,41478.69015823381,0.2562395342290904,31,3.5266925287906985,1,7
B0481,0.5869917037710328,76179.76448184048,0.12757284673255387,66,4.489524852553095,0,3
B0482,0.35995124498322556,19551.88254703128,0.753457172358904,44,1.4917229787542665,1,3
B0483,0.29284219922528437,51911.443624833264,0.03826143912083909,39,3.0955748592954384,0,7
B0484,0.7810393972323835,25490.55183266438,0.08385604092061551,32,6.111326808601135,3,3
B0485,0.6153151439773041,33546.85464081471,0.1472667855195153,30,1.612927284019306,1,3
B0486,0.7649972556589603,37925.059732446956,0.5223169476065463,33,11.305228539051422,0,3
B0487,0.6699734197156125,14762.816254907075,0.24067820649124144,37,12.375152233547222,1,8
B0488,0.16438375471925434,22758.58633080038,0.16309698194543631,18,1.6551299729201543,1,2
B0489,0.7648473016952364,81686.47606024663,0.39366537538113805,19,13.277829725920453,0,5
B0490,0.45326637563909833,61803.46520492052,0.7313887034077508,28,3.9953641600954675,1,4
B0491,0.8331599093924955,34975.96021927833,0.19802573757255126,37,6.263954201790481,1,2
B0492,0.3788211829446405,42018.86970698356,0.42426472247948044,32,3.0122254516968234,1,3
B0493,0.9812330762955945,30438.224932275178,0.45313610974004515,49,9.378650303513359,0,2
B0494,0.5279547945954604,81957.00270744553,0.16137387275917656,20,6.202021052108726,0,6
B0495,0.4666919857345676,32202.148513345775,0.08403141133803967,27,2.336554468103155,2,3
B0496,0.694032838181014,41735.41196805429,0.17318531122180753,50,1.7644488935761184,0,6
B0497,0.1881676958738937,72230.52984079953,0.3488472438861067,36,1.3934156733561411,0,5
B0498,0.2581769783045732,22778.607548798656,0.26933320198233174,43,5.208820409189782,0,4
B0499,0.6483579190037179,92528.64124903311,0.2190969919273949,55,7.08498056077858,0,6
B0500,0.5593313698542556,14497.379010217835,0.13844417239497292,28,7.544150864099904,0,6
B0501,0.2161238986751853,96547.00610922324,0.14654278243889482,34,4.078034468061625,2,6
B0502,0.8145164540827154,29038.988864843603,0.3410801952659176,32,1.7760696043997106,0,7
B0503,0.598247057234882,31394.272515847864,0.22662661650385416,18,2.596956445819467,1,10
B0504,0.4817693403505736,11684.21304545824,0.248131863936149,31,11.26700914866701,0,12
B0505,0.20051527805090485,27642.871715531834,0.011288886856373222,43,3.041336777845717,0,5
B0506,0.6507824181797622,19459.99466103052,0.1796304257336534,40,5.026551208643633,0,7
B0507,0.15615606352650638,25220.49389457771,0.5184896742641242,41,1.89549423231662,1,10
B0508,0.6834981934488148,33443.52320087668,0.49392221609647996,31,5.866548296076077,0,2
B0509,0.2824210293558184,64516.41513900018,0.46787091326335545,28,3.1076050547100746,0,4
B0510,0.9551231444950554,41132.835995471454,0.4445010010555506,47,10.353971552847572,1,6
B0511,0.3745400584067476,43678.26950352373,0.2792707649792415,30,8.321530273013057,0,4
B0512,0.4827746725181222,18820.243787451913,0.459735829054941,37,3.014503809705673,4,5
B0513,0.599052476475761,21408.590511653296,0.1676482459134817,36,4.049805187549427,0,3
B0514,0.3440070832097046,106855.74337000676,0.49029515395421974,49,2.883794633475498,0,3
B0515,0.7798056863971972,23362.31140413522,0.1905332437639825,44,1.4397268999139372,0,3
B0516,0.5459171225058733,98098.26420265541,0.42833865643320157,22,2.2570215736981574,2,6
B0517,0.10742679418446002,31387.445925838605,0.38421558326519695,23,5.251815688160194,0,5
B0518,0.16864761500451966,36365.38943841445,0.2470388269276336,40,5.813644173431786,2,9
B0519,0.8052208550551159,69024.65897175847,0.027577931345271547,34,5.047223665365067,1,1
B0520,0.4298239687122967,77896.43392123506,0.5703076004290429,30,3.5205370775944385,0,5
B0521,0.4764328345679041,33979.49263504095,0.36290162650219815,45,9.454145140867213,1,6
B0522,0.4254252726683993,28769.013532206893,0.27197951974525986,36,4.715398941537594,0,5
B0523,0.3340588679559077,35117.24961949519,0.32062222572817095,35,7.866419964893064,0,8
B0524,0.47807321432069666,44479.092084164855,0.06848935279224207,42,1.0843490946827505,2,4
B0525,0.41969775021192113,61993.338339777234,0.1451965604342744,31,0.19438390155912263,0,6
B0526,0.9330336347088483,36407.78540095854,0.48906939996118465,50,5.623928394349902,0,5
B0527,0.449721862661851,52645.27546689578,0.5707999278834134,27,1.4335981560823288,0,7
B0528,0.265958393281794,97053.32409370899,0.1221118822977808,41,3.7811894817010923,0,4
B0529,0.5964935819945433,45651.22714947087,0.31990659288970436,49,3.5195120828664006,0,7
B0530,0.5577415490282683,43782.59809287677,0.2864796801727,21,15.957365060509378,0,4
B0531,0.22371810368803652,14598.199890824651,0.4254476061773757,31,6.171841430111717,0,5
B0532,0.6828341647128444,7491.781643886742,0.211067729489257,46,5.117608404565371,0,5
B0533,0.398320934216961,45845.18416221512,0.41158605271605975,46,8.754719476513975,1,5
B0534,0.2289220186224238,34307.026322625905,0.4491558671991043,33,6.01825932881037,0,6
B0535,0.5231493909426506,26665.62055553948,0.26793124519078654,27,3.1076238711680855,0,5
B0536,0.4605604182835822,42029.12555446309,0.41766802910529877,44,10.56113490115413,0,3
B0537,0.06439287611802949,35022.912266688734,0.150108946801192,46,1.8444846162605182,0,3
B0538,0.8908663310214988,71443.92465205125,0.47182917581289624,23,5.804292616064547,2,5
B0539,0.3829378414064383,38241.11485718254,0.08879666648103435,22,1.2994539849889204,0,4
B0540,0.4253678459441038,23198.57257815533,0.4678561070838936,37,5.27593062716426,0,5
B0541,0.4621625388455512,65781.88288949491,0.4688915625596437,41,5.2298976778370605,1,2
B0542,0.634002951119518,31879.592644047298,0.34844406917218707,32,17.135699365677315,0,8
B0543,0.6786165943085531,49807.55758350036,0.264080582240048,41,1.281486696080167,2,4
B0544,0.5748076235917791,27270.302710806664,0.1839016666596838,27,2.771227213126322,2,1
B0545,0.06401739313936436,24590.214757488848,0.41065611985185674,18,8.655075754354064,0,3
B0546,0.19589824113412588,38196.567636552245,0.059614022899604026,30,5.860610652774424,1,6
B0547,0.635349846497243,36596.10840947162,0.18162748643710225,35,5.17709475627595,1,7
B0548,0.47912508991283287,48431.04056957813,0.37457060797482544,32,2.085672692760895,0,5
B0549,0.49066009937890775,30909.304931182905,0.1913520229422708,23,2.793639766798299,0,3
B0550,0.608805456364106,12066.449717093901,0.21214506472215292,18,12.134259392000338,0,5
B0551,0.5867715218422724,28010.52663756549,0.2939671196096951,29,4.300763843714395,0,4
B0552,0.6962212071320667,58471.286302494744,0.27749119186196053,43,6.051388542799303,1,4
B0553,0.48576950284049725,30381.050446287027,0.08585787626857316,47,4.087155850076666,1,2
B0554,0.46465506964930453,31324.942948675267,0.23368255004054264,46,1.7393849744783105,0,3
B0555,0.45307815178713706,65632.47535273433,0.33192020930403915,26,9.4597725634862,0,4
B0556,0.5678906228941063,23690.183988905577,0.4309775708003919,23,6.703205920999888,1,6
B0557,0.7028633511440658,14390.421189561179,0.5405277045945869,39,28.346667361958495,3,8
B0558,0.5114783166124335,32978.83688751368,0.36248858833460823,41,1.9888068703319164,3,5
B0559,0.8538568187435791,27159.865492554974,0.03054343973064911,39,8.654317565721188,1,2
B0560,0.4229344347131235,20338.119420957282,0.681042092567164,18,1.5695121320786831,1,3
B0561,0.9054369907694301,32688.314113686964,0.37589840268091435,26,5.0828760559805515,0,6
B0562,0.22441186447357334,48771.59673857468,0.21200515932702618,34,9.78847106539408,0,6
B0563,0.35211012198405955,36113.67433565413,0.23840619499328705,39,0.8540990631833594,0,9
B0564,0.11303333256561994,43660.044249773295,0.34563722106028966,42,3.804003332014719,0,5
B0565,0.20160204036907303,107801.25928946467,0.13651635783174879,36,2.856029040779791,1,3
B0566,0.6377036025358227,29562.81743883834,0.12164616902923703,38,2.5559760372253852,0,6
B0567,0.494996755650785,42916.394186564896,0.26009056477661086,35,6.099276281767334,0,4
B0568,0.67088656571467,26754.875099794343,0.6852982278784152,41,10.985196186178873,0,5
B0569,0.4358550081500737,21854.981658644803,0.4036573143827592,38,4.0284312324062705,0,4
B0570,0.18561764467616437,25566.940468267156,0.12586831298425438,35,5.2824454401915,0,7
B0571,0.4053432633246816,27248.25760883747,0.01366579653308466,32,4.910849801278613,0,9
B0572,0.7924535099373907,45057.083114678295,0.11703296646827728,35,4.488159941098819,1,6
B0573,0.3617319194582917,148664.2181002037,0.3327911607805335,39,1.8748448134373419,0,5
B0574,0.5126110869553618,23632.400174993705,0.20757618311556142,37,10.878144464906208,0,2
B0575,0.59126554031598,28283.243806442882,0.45945073513635587,38,5.675486545186487,1,7
B0576,0.05343031300707866,34965.81651204866,0.14149213049644796,48,6.1466375471587735,0,2
B0577,0.4592561257476786,46049.828120648104,0.25408657673001384,37,2.3508860432599077,0,5
B0578,0.4797175184529798,42537.03925176663,0.5067721582223921,28,3.1037891812683798,0,5
B0579,0.4086962389120079,78468.88661647843,0.13770392341978277,43,3.892659662357039,0,4
B0580,0.39353146422505153,8468.97493821045,0.179715216973904,21,1.3135064559963812,0,2
B0581,0.6628130727919544,8671.89033634328,0.2464218506051932,24,1.161337711010475,0,11
B0582,0.2093574305972679,26969.802598126276,0.31662133738986803,38,2.7715359344250157,0,5
B0583,0.8163126166059047,70149.23024796591,0.263497431819295,40,6.807443277342544,0,8
B0584,0.8101529897092681,14194.518969829835,0.062310940745533644,22,2.6577770769480114,2,10
B0585,0.7453001903684575,5975.48530552745,0.13432106246488335,31,1.9836842379305673,1,10
B0586,0.10327755392767711,51159.7128928679,0.2198364844037171,28,2.335559501006531,1,5
B0587,0.331761926299692,42032.32878804437,0.20664981346717362,30,3.1134332664337308,1,2
B0588,0.7170422102109721,18880.311828824768,0.48814650018623307,44,3.376747032801037,0,7
B0589,0.6698737247429386,20104.043431602953,0.5758705082513509,42,25.340835901129687,0,7
B0590,0.7108036585016962,20295.485846728374,0.5098772553009548,34,10.419681845418701,0,10
B0591,0.4063532473469014,38805.65220872653,0.12310986037732494,29,10.173835624331884,0,3
B0592,0.49954173986662714,24939.5664232697,0.5340564936477953,21,11.41426959392181,0,7
B0593,0.5134889868132688,48846.516821905,0.30002336426508447,49,2.015653185751256,1,6
B0594,0.2826320585036904,6550.024062308046,0.20303599789428606,40,1.6855776229697224,0,2
B0595,0.5214424562641148,21717.83042969914,0.2610230477770125,27,1.848738966193546,0,2
B0596,0.48702771295264313,18478.582236589526,0.34914959384447847,42,13.034568017935577,0,3
B0597,0.293611008593396,31138.354219398498,0.544808127323102,34,2.8928627098674484,0,4
B0598,0.8285351089710435,26295.97974056651,0.4105295472785979,32,1.646933467506387,1,2
B0599,0.46071984252932174,58612.67610384291,0.026592238491727645,39,3.1746679361133974,0,9
B0600,0.3405638187909568,11901.240733738732,0.5846196094727675,27,3.70289732721976,1,7
B0601,0.6115967199439811,37320.38181679636,0.048186078783462406,31,5.555178850903948,1,8
B0602,0.39865639106662065,50767.00191621338,0.3619976181916694,36,5.478113646280915,0,3
B0603,0.6161102998486423,110634.6336031696,0.44452164760997975,30,2.3104805862739997,0,7
B0604,0.6771384442489411,27199.13410341023,0.41585471518936307,41,7.756452782362476,0,3
B0605,0.706882206855655,44120.29513043553,0.08841067401107656,53,2.687590784063437,0,10
B0606,0.5721746119492355,12304.032392994519,0.47156252336881577,27,3.954993392847177,2,4
B0607,0.9045727743575344,8645.777041422945,0.33683060364941414,18,7.763391257134469,1,7
B0608,0.9149545326692955,60286.56923400652,0.19457492804201545,18,2.6819466072353513,1,2
B0609,0.5345447311952394,36194.5496314543,0.15088005388344686,33,2.8420307831765474,1,2
B0610,0.8829560074014713,73652.07636920494,0.3404639347063897,28,7.194626584982487,1,5
B0611,0.5485310302007377,15929.981898975211,0.35872160015474136,37,2.256496656842176,0,10
B0612,0.29415088616388035,49609.68142654608,0.08514646798266187,36,3.294209997089624,0,6
B0613,0.24368650881225995,111445.47137835516,0.3699980733267337,18,6.99079121623481,0,4
B0614,0.6680174638975165,46715.12957765361,0.44797171299013,18,23.179631794122145,0,1
B0615,0.6452278097256781,42870.91501686783,0.07670930483966332,37,7.27412553028619,2,8
B0616,0.7629742861915392,36502.41305548836,0.41681985710402475,36,6.541142277539362,0,5
B0617,0.6949307345303951,14150.017300551503,0.46417205144638596,30,6.8526899384688305,1,3
B0618,0.24967665608017428,81907.32968878328,0.19897428617710292,18,1.899228556344864,0,4
B0619,0.32629420837376094,25171.946420703276,0.639928882421978,39,4.915912492243374,2,3
B0620,0.6003211518261808,49152.84234089159,0.15478843739264395,47,4.376226438526595,0,3
B0621,0.9455038149922586,14216.796775430681,0.20594769325472548,37,5.796577355793406,1,4
B0622,0.9440455451475737,17895.85143026825,0.15573245088813878,26,4.9194977501016925,1,4
B0623,0.6482024796488507,85909.73573276198,0.5888845644749964,35,6.072435389183589,1,5
B0624,0.3739778208971272,29484.46008124593,0.23380701751390207,21,3.493228024390448,1,3
B0625,0.3213616905731911,86852.3896199763,0.21327022865368866,45,4.6968268100196,0,6
B0626,0.31868609428699063,34650.297989439336,0.12861869744422982,35,1.6782257718127884,1,4
B0627,0.24745315552081149,12026.421935111213,0.5364299550377335,18,3.4697209664465687,0,6
B0628,0.8858413889202637,62021.759357742296,0.15720208835782998,31,13.635365726198481,1,6
B0629,0.3479721253061512,25490.589131088273,0.17273218119277434,39,5.783717671608806,1,5
B0630,0.37864617100604187,55227.333847978545,0.03891429203810689,31,4.407304024004176,0,7
B0631,0.858385941331444,36869.00560354817,0.16272404737435256,32,20.42783886902642,1,5
B0632,0.11083964405411528,14387.701573224092,0.08364830380448468,22,1.5088262299043829,1,6
B0633,0.6595397446683466,40077.76053098833,0.25455112086946324,40,1.84491933495116,1,4
B0634,0.35399675312118917,135636.51261185957,0.4015869776065282,28,17.64000138372352,0,8
B0635,0.4996175750021974,48814.94891263493,0.18866569044671833,18,4.649542133509052,1,11
B0636,0.823526131257624,35083.609977741224,0.20766741435570296,31,3.6911334206941993,1,6
B0637,0.23277763307731736,69231.14005455498,0.10810147948426987,44,1.7170995167838576,2,3
B0638,0.32710481815508247,41208.55169130552,0.5902607848461704,31,6.411908811548549,0,4
B0639,0.19137474764802725,41180.517124222286,0.5259796292366464,52,6.927977306415966,0,8
B0640,0.6829968940890409,18864.26926528795,0.41088934497948276,39,1.8671337693162653,0,6
B0641,0.35003801929383643,41785.673288726466,0.3922349105705297,38,4.005945095406273,0,5
B0642,0.8742715731146995,67593.42877597862,0.11129403700392516,33,3.4266644839308538,0,6
B0643,0.3773007959555529,21990.43156218876,0.3473639010928386,34,5.500184940040531,0,4
B0644,0.6415197843766381,85365.51501225517,0.32958582242614637,32,1.8305194997711403,0,5
B0645,0.1975285895683699,34371.272252091585,0.35988043290814703,31,12.201488635643804,0,14
B0646,0.5414061622815403,21318.66572522744,0.033883747183487925,40,9.324627564589637,1,4
B0647,0.6307603922872489,66077.21399094985,0.16277630859638342,25,3.3516727615347293,0,6
B0648,0.44341904139163607,30574.556604615966,0.10633735220011342,24,3.769208493294321,1,2
B0649,0.3817367319600258,57280.12205562683,0.15514878502076812,23,4.01831347000886,1,5
B0650,0.4752245619339326,30483.621569670704,0.19275398322617518,55,2.4045268725036486,0,5
B0651,0.2310892296854051,35035.05160930552,0.2800948577628053,40,3.1432473877114466,1,4
B0652,0.5808853435289766,48831.75622913767,0.35146957058792777,38,3.6102741303987496,0,3
B0653,0.5468876206192298,43240.73347773002,0.5224220920136249,24,16.285818469450856,1,6
B0654,0.0397724432356333,10967.382633995081,0.13641262291991726,41,9.557198561929285,0,5
B0655,0.5890717408939945,18531.99090832954,0.40461626590677485,33,9.46616408871289,0,7
B0656,0.5700958425092499,63427.06809508077,0.2716328618851711,37,6.0251386430315845,0,8
B0657,0.6504314232788553,33547.514179993115,0.04735502183409085,25,1.833338080361423,0,6
B0658,0.39899055380559983,26522.83179864907,0.2953528753343766,36,4.3353706848154205,1,5
B0659,0.5895428051073989,16072.348514663818,0.501248339082625,30,9.741457700422915,0,8
B0660,0.17759015119595142,18999.31504497904,0.4858502070448036,27,1.6378563718387196,0,9
B0661,0.7853722304926926,10795.890333546778,0.21971353137155483,42,7.457666513603892,4,3
B0662,0.5828987843378756,34174.38168370689,0.25375045340022895,19,28.734180726557863,2,5
B0663,0.45196897666999125,25360.22933405825,0.3985891943176731,40,10.479839006416961,0,2
B0664,0.36962774005776194,20333.95169813909,0.3642702929704493,41,13.890752187247475,1,6
B0665,0.5727447448239777,34861.0676326155,0.3043079001079424,26,5.337038976263573,0,9
B0666,0.6533810784307836,45178.76156493612,0.18833112950100692,26,9.721554746375512,0,5
B0667,0.24612220343403501,127506.00739905243,0.4520658278042114,32,2.5236781697263364,1,7
B0668,0.7927036829539393,14659.882322034466,0.1808939135249467,37,8.471359893196912,1,7
B0669,0.5257674734686666,72811.45902446963,0.44398219961401614,33,7.5648347822669075,3,3
B0670,0.4406995320714088,65111.79122535887,0.11152235305439816,39,5.651544887677506,0,5
B0671,0.1407911922945284,22755.095023331654,0.3755998873241692,52,12.8430901574557,0,5
B0672,0.8355664815622947,41025.19104539105,0.10669662286658413,29,2.9123844075870604,2,4
B0673,0.44628245494997243,27595.832678547868,0.42801124954811975,18,3.8587912502071924,0,5
B0674,0.5365625754174017,40595.526234556666,0.5276909753362007,43,4.837362494714262,0,4
B0675,0.4815982027400269,89812.42502647368,0.27350652432077155,51,1.9666099505581587,0,8
B0676,0.13201682741247842,52227.462631528695,0.3682565543636485,38,5.373855144959538,0,7
B0677,0.7379348332574216,49274.64975056061,0.5020573965730817,24,1.132984917141058,0,6
B0678,0.5299365220955011,28051.977512695874,0.47329916456668497,33,10.355974789936015,0,7
B0679,0.3354582445637086,14906.699191327518,0.15549752140302814,23,4.652058888162962,1,10
B0680,0.550612627811257,32045.725178141154,0.22332391866798174,41,2.9543707288974965,0,4
B0681,0.3509689406557332,74904.17379992471,0.5626481648234721,21,2.299061762045787,1,9
B0682,0.4777164924873322,14526.056068726517,0.2609172476263037,31,3.7148443378325453,0,9
B0683,0.6365690953122455,19282.36794012122,0.36539673233562386,24,7.772623627781183,0,9
B0684,0.3392410459899757,39173.69057855704,0.200105295485411,36,6.946175240539616,0,3
B0685,0.5047631096819594,20114.71929125516,0.2790882966522514,31,2.548664871312893,0,3
B0686,0.8186338423784207,22572.461661752735,0.5845293062890545,36,2.2777047832073936,0,8
B0687,0.33453540598727116,28165.1548976254,0.21867159288245783,35,7.580043701868877,0,6
B0688,0.3327630709955022,16004.569552624998,0.2737280175593227,25,2.514620949549361,0,9
B0689,0.4289902379744926,20242.242086078433,0.23557197297001925,41,4.7017172732235855,0,2
B0690,0.14603996911317732,55384.594146928146,0.44874729582574296,34,4.9481002449679155,1,6
B0691,0.8706749553098216,16573.795299973946,0.3416095459898453,25,5.752587222677929,1,2
B0692,0.25722972725054427,13922.71167706143,0.18853630084764772,57,8.905030521083788,0,9
B0693,0.8882610681359605,24884.11712042367,0.0697274072743297,39,1.6317118043989078,1,6
B0694,0.20440168376150453,56340.747077609245,0.28700376979694314,33,0.9714869333703724,0,1
B0695,0.5001663860687661,32268.50367982188,0.4231623401429899,49,2.84636338724243,1,3
B0696,0.5755803130170214,27481.03345414089,0.25444631134523715,53,18.938989360302905,2,4
B0697,0.5616671182648285,37295.02722983911,0.3667331463052714,33,22.595240348962793,0,4
B0698,0.7031615523967879,12740.93784067095,0.2709725560304517,38,19.393572727160215,0,6
B0699,0.48882250876603395,48865.32834908386,0.4014667875987283,25,3.8405473895078637,3,8
B0700,0.41518297079752403,45709.48108091996,0.4634281692866867,33,1.0771384424254462,1,5
B0701,0.6367387758879999,28407.682994613966,0.05329464507829071,33,0.6876802642111896,0,11
B0702,0.6283623352616753,66406.79782307085,0.2216669158299189,36,2.7422245505330487,1,9
B0703,0.4681068166281432,18462.599952341523,0.22661367700726837,38,3.824933554979822,1,5
B0704,0.7624636714896021,71449.44359201689,0.2584065917858716,40,12.686016461783705,1,4
B0705,0.4739436414396724,39842.768484505934,0.13908263683369385,37,8.973218040429842,0,3
B0706,0.5089246024187496,29675.244125217512,0.3297479813202082,22,5.375889577945921,0,12
B0707,0.6391672556179304,35885.041587683154,0.17004366347810917,25,2.1992671324363267,0,5
B0708,0.7579581184257499,34051.901028328866,0.2847728657807562,29,2.0779386182974044,0,12
B0709,0.3002904543983381,75521.27909543179,0.24980065812412877,32,5.492053062595158,1,4
B0710,0.3562507233667877,19034.197781134597,0.11596206812035247,45,7.827481283322034,0,5
B0711,0.7098806450866396,22982.502775691642,0.2073025882078416,23,6.1319021879413835,0,3
B0712,0.7136507293826193,67628.2947090364,0.39991775561691667,31,1.9587796118748988,0,3
B0713,0.7014756309582378,25404.434868551074,0.17935977336697176,44,7.542352251283317,2,5
B0714,0.2819824642727141,62337.587057158344,0.34275347901563313,32,6.301128684880392,0,3
B0715,0.5135284827174666,100675.88635521664,0.27822147794923524,39,1.9030671518392845,1,8
B0716,0.1694401789642385,28536.03586396156,0.05235015124256764,33,2.3929890277218617,0,6
B0717,0.2270324661623853,54656.17046123146,0.0621503949558326,37,7.774092878237047,0,4
B0718,0.7621565665532231,18174.67882867534,0.11391237660606987,32,3.7150568165803604,0,2
B0719,0.8882531265172582,57116.02354838905,0.10229515449266618,41,15.979678820744887,0,8
B0720,0.6301052254761248,40931.466225044176,0.7352244450116939,19,6.691937347962926,0,7
B0721,0.49593550633333305,48234.169964380046,0.3847735905736189,31,3.036468156674142,1,3
B0722,0.3659481775447816,24653.07102192626,0.23154854976608477,37,4.445247374339777,0,3
B0723,0.10983618412734072,13404.556301704335,0.23786919937584425,40,4.7148010218853775,0,8
B0724,0.8954203354488582,49116.545807986404,0.2040041905022354,49,2.502493786799195,0,5
B0725,0.7256475111631394,10529.731524059378,0.41915853582091644,31,2.1596138692028486,0,6
B0726,0.3161666867915221,30019.117408974525,0.18797968822767502,49,7.854698714214012,1,9
B0727,0.5956127099367104,63876.64750734565,0.24432428860511557,28,8.812918334856231,1,4
B0728,0.18623879148025677,40747.04666335966,0.3970802845779711,48,7.264686729929545,1,5
B0729,0.5356320783217974,116891.98554220598,0.22078531761749004,43,15.06319687075549,0,6
B0730,0.7095226863030208,67175.60847829719,0.07705042322834559,25,2.9054300325023927,1,7
B0731,0.5010070033579188,24530.216594775702,0.5512016763768751,38,17.105783331615562,1,3
B0732,0.5684894602583013,36915.545475485706,0.3046329519476903,34,2.179865341974449,3,4
B0733,0.3202124827203907,35297.858609937626,0.38810956978868133,41,1.9934195867542248,0,4
B0734,0.8406330958852313,14054.444257336994,0.38279389831293276,32,1.0964008868060724,3,1
B0735,0.73776828012946,20655.99043674858,0.42720346022185285,31,3.1373037381967146,1,5
B0736,0.43747094648538015,25940.05182665815,0.12433201768324816,48,2.9952333164996676,0,4
B0737,0.36555213883049575,10702.875239089126,0.0932996632793853,34,6.826074907018298,0,1
B0738,0.825098080631732,37365.2378135349,0.5549327567438236,43,5.447260127123225,0,3
B0739,0.6148822992894324,31274.454502237386,0.32212773081969487,32,1.7256802199903323,1,7
B0740,0.49258566866129483,13309.90347388611,0.006476030053495402,51,3.27336664150607,1,0
B0741,0.1920642425388597,46282.89434260665,0.32390163923628956,28,3.3295274370619357,0,9
B0742,0.364888682189204,55799.69301408508,0.10705277787370084,28,1.0824361576953752,0,5
B0743,0.7900092425284745,41615.196803573956,0.17379161789223949,50,2.044682699707888,0,4
B0744,0.08474891867049231,29898.365575998494,0.28335918004310423,30,2.4189875757596537,0,0
B0745,0.11533129095086213,51785.490925583865,0.18379395584475328,51,14.110229289250578,2,6
B0746,0.3793031292027326,54618.73399180168,0.5524445878734532,43,5.2234629000686805,0,6
B0747,0.42554843886552884,43671.11339622399,0.08485274740503805,33,7.612068917259802,0,2
B0748,0.7947724420046792,22142.024651139218,0.37309638445250687,18,1.3513331210644666,1,3
B0749,0.390943833951106,42871.41043396988,0.27018494321410325,34,11.650762009473862,0,5
B0750,0.6216715553192167,74405.74164529097,0.10732848282315356,36,12.690854937511583,0,7
B0751,0.6455237230522718,25387.762989061102,0.44611022360912533,46,0.9060362400212333,1,5
B0752,0.6358474473502761,127869.25857023518,0.31263942862961386,50,2.5491159705996,0,5
B0753,0.7314574469693604,26492.618860451552,0.07413978050904986,28,6.66328401530868,2,6
B0754,0.6577101043918285,37028.538606428345,0.37523231496504034,43,7.504559452507821,0,3
B0755,0.1656162496774752,24258.167466345058,0.18307929039433812,42,2.6044049307319748,2,5
B0756,0.45800133923369307,41521.32798497511,0.5372939560911973,45,3.509945216625883,1,4
B0757,0.83825510209097,12767.61268513769,0.40832378767989214,39,2.779011117143616,0,3
B0758,0.7732894835102021,26170.155062571117,0.30150941761351546,18,4.895588226247184,0,7
B0759,0.4410611862371854,18858.655775066658,0.26877666367357206,33,11.678421528616532,1,4
B0760,0.7649782433674793,39387.46938292037,0.54342060898865,23,2.4185453739189673,0,7
B0761,0.3715382071374626,65951.07282792022,0.22075028966638235,32,9.98073163957291,0,6
B0762,0.6021406530858506,53508.923441180224,0.0364518523866052,44,2.3980654315628303,1,4
B0763,0.4084527345614558,8751.709953224316,0.300411123422785,38,2.274813861654289,1,4
B0764,0.7754496586044631,123653.89736192585,0.3569831083139295,46,8.626817752927805,0,3
B0765,0.524695196563613,43354.59457026909,0.17224087301411908,38,9.370337383753405,0,5
B0766,0.5779001388442645,22790.53314329128,0.20795118226096937,22,8.856290074208063,0,4
B0767,0.18499051839285865,39905.79184614152,0.27088766991001095,18,1.5641805449769735,0,10
B0768,0.7595431795265507,40364.82004001161,0.04194774751904856,36,3.087121852537822,0,8
B0769,0.40458613241700137,24340.350578543534,0.48193529361030685,32,8.657195921978593,0,2
B0770,0.43213319636324216,40894.46490208406,0.26960042286556285,25,4.633133738185163,1,3
B0771,0.617410544781094,25223.12792561797,0.6208246543019971,18,1.8984651103564536,1,7
B0772,0.8008447659159279,28492.119076515188,0.4688335591908051,27,6.46662511134822,1,4
B0773,0.4969615977696454,24058.232353115967,0.2541619893693439,33,2.529835277233111,1,6
B0774,0.4017083495989043,15373.449255488322,0.13877425576752234,41,18.8331738011643,1,4
B0775,0.45615433625508806,39636.349073824764,0.34278507490600635,36,15.42320463670021,1,5
B0776,0.635844547856597,51594.98010290746,0.45820602434306884,51,7.26652322377377,0,5
B0777,0.709910902773146,49460.525098360165,0.10640682124217354,24,13.313856883754314,0,9
B0778,0.6720191491269566,59394.39565048597,0.10093206898383483,43,4.720114605357189,0,4
B0779,0.3735595069567692,44117.161085881475,0.49698915383818526,35,8.267647407748733,0,1
B0780,0.7612722608778397,26380.086389327247,0.35005452197862574,41,14.616868467098262,1,4
B0781,0.660042456914342,60101.99524105737,0.30719488333279055,30,5.454270857885223,0,6
B0782,0.6096644798565186,16082.539769010902,0.22967342138208813,45,3.654101600271381,0,3
B0783,0.6433303766253636,21154.272435754163,0.4628837200078556,37,1.146028438532812,1,4
B0784,0.6259071455917095,20363.104861483935,0.15731488468909344,28,4.193321662542321,0,10
B0785,0.6531782121340559,69427.17465475705,0.1532323238045852,34,8.660206327611752,1,9
B0786,0.607048234764696,63938.253558392775,0.12620172947520752,32,9.549671366866557,0,6
B0787,0.21161382624231767,48648.83507086236,0.149553568239941,39,6.7092827500136565,0,7
B0788,0.1946998598199105,69089.4913367129,0.22582571868089082,23,2.906532308458455,1,0
B0789,0.6965496120343068,21427.498023951106,0.7948839089703768,34,0.9217721100149401,0,6
B0790,0.16055177179667252,44763.890237851745,0.31524460670736754,38,3.015687774057143,0,2
B0791,0.38055565399787444,33687.945193992025,0.3685319696129212,35,3.513188758115301,0,3
B0792,0.6359635352003497,60362.85808041522,0.14154232907559453,48,3.48914536887556,1,13
B0793,0.6859370527170113,33889.66773958118,0.36187376810334265,42,7.351064153856491,0,5
B0794,0.5642615754133203,28826.035464963927,0.23806837052604987,34,21.945039625500666,0,2
B0795,0.5130672925918838,50238.91030594214,0.20420580841266806,37,4.947207922956857,2,6
B0796,0.3460408077119714,61432.94294570227,0.5050040708327036,37,3.7682645679557796,1,6
B0797,0.9588698733155286,24318.50550924828,0.4198707864938515,39,3.6423262223263206,0,4
B0798,0.5840788623329701,35008.79508996229,0.1848673399341691,18,4.950595208662902,0,8
B0799,0.8828658578002092,19243.63469453188,0.3446433197370657,31,2.3102713651412445,0,10
B0800,0.12294053904206702,8112.51645615716,0.5555536043507401,20,4.934043561933978,1,9
B0801,0.20469733024781736,40956.90842044237,0.6206594596247637,47,6.4279127160030445,0,4
B0802,0.4347593048395902,52330.94793443244,0.3326109293853477,34,5.30022276527944,0,3
B0803,0.7300773231261837,42499.181055820205,0.4655578011923071,33,6.462611849841866,0,6
B0804,0.5775148732190558,11274.095837365208,0.38774042090762295,43,6.3407565277814415,1,7
B0805,0.32686403440191286,29421.77548581016,0.2838027171456893,39,1.0859798360897313,0,5
B0806,0.6668467655216636,9594.941811563289,0.18027770961226802,23,7.459557728365592,1,4
B0807,0.3291955760133472,82604.60136805092,0.3606903214452604,34,2.6200361711759066,1,6
B0808,0.3358671834135727,18927.42581857293,0.26174892980378583,31,1.865126109037945,2,5
B0809,0.31198374929009903,77129.5817056992,0.3709464413376127,18,1.8523193150876203,0,5
B0810,0.47387430463028274,64056.564108958715,0.174630537726529,28,6.339711662906001,0,1
B0811,0.4370166534538474,21155.300938873832,0.3656360562780008,33,3.7506908820263245,0,6
B0812,0.7276606055159256,18404.10523371021,0.15573460616986673,33,1.1669867190405356,0,4
B0813,0.19093624532622988,44811.59177140412,0.12272776231574709,20,6.56945090009581,0,4
B0814,0.4121630844894641,21881.691852261923,0.5411885797368532,46,1.4166763015807873,1,2
B0815,0.4193784046344075,38618.65717939118,0.33350088411195233,33,5.012110514719511,0,5
B0816,0.744969750499159,27181.814537861846,0.11605761118979938,35,5.423813362830613,0,4
B0817,0.6480399584370606,12472.79250332906,0.28270255620596996,39,9.101704151230148,0,9
B0818,0.7850618387338136,9525.41899996781,0.3202449016408759,27,18.640708704707276,1,4
B0819,0.3212643487593931,41606.45277886123,0.3727884423006114,39,1.5041966063321812,1,0
B0820,0.8008997832357483,25927.65275848012,0.46293765041442997,31,4.2974460962570555,0,11
B0821,0.5855765345892076,26059.720095543347,0.30685237668604837,26,3.5927997167912094,0,8
B0822,0.361570700017049,55133.8036531423,0.16341578506865345,40,6.340767061625233,1,7
B0823,0.22846505578729256,73428.34898420892,0.11291657035485815,49,5.325651314760001,0,6
B0824,0.8269567874682507,30837.080808522438,0.2919959339279233,42,3.3802950744265927,0,3
B0825,0.3345642470688098,29603.289794844368,0.3911316578997541,44,3.149608782558223,1,5
B0826,0.4223524235004142,49025.0082756062,0.21201952769077337,29,1.8346235596429654,0,6
B0827,0.40884306563241835,16088.156484357365,0.17591720072213005,19,9.877794577339332,0,3
B0828,0.5774438679561503,41518.39383023492,0.17816691055291842,49,6.471211535299725,2,5
B0829,0.28500955983894416,50570.899598705604,0.18500932622098668,55,9.33914361725983,1,8
B0830,0.7824059410796327,54619.05672199499,0.2872224558534371,50,3.4962224681380305,0,6
B0831,0.4529237698821357,11361.075686423113,0.244077624744839,31,2.649925761412661,2,7
B0832,0.8713098521431718,22998.55893882364,0.10039067460857114,23,1.891457974373999,0,4
B0833,0.39774797501111736,21440.60961478473,0.5070846832395546,24,5.972311670781225,1,3
B0834,0.6977107654072465,38558.512535086,0.4574986724481241,18,1.9506554033306822,1,8
B0835,0.18898524933067357,48457.71048822482,0.20267801089675044,33,19.666770899010285,0,1
B0836,0.797891991088843,89145.5979865514,0.27088059251508484,51,1.5744184013946483,0,5
B0837,0.900855661226696,26984.57571079789,0.12363565798874872,33,5.578545589467292,0,6
B0838,0.00856140171846572,26942.399142111604,0.21260934820701644,38,15.697222184412972,0,5
B0839,0.4837654078967339,72388.53513368158,0.017791437165485813,48,7.237470793214051,0,5
B0840,0.45382457181055064,43388.34619241405,0.21266938294373128,30,5.15794874280645,2,5
B0841,0.07399517626464262,77698.47479171208,0.3617735658739731,55,2.065171104764543,0,5
B0842,0.4299031674008502,43184.49517425276,0.22923178351761772,54,1.4837677787018415,0,6
B0843,0.33339045662197353,18137.37542445271,0.23828607842092847,33,8.29821214293544,0,5
B0844,0.34040599405013955,16319.614177161067,0.43911062365213016,29,14.953087385860243,0,5
B0845,0.7422852504519634,14315.421340059835,0.324077488541341,41,3.154783926573967,0,8
B0846,0.33078565197209914,54026.5623974986,0.15635726196781882,31,1.8017362690678294,0,3
B0847,0.8653593103620248,74099.0576442829,0.3922074447459127,23,0.6271713159817468,0,5
B0848,0.3118255399067114,110152.08544577901,0.23270648589013807,47,2.044980236346796,0,3
B0849,0.5908938137470828,60226.226910829515,0.602107206748992,47,4.092166457398945,1,3
B0850,0.15093542708670377,72962.664677201,0.2547529986376896,36,16.107718912700868,4,7
B0851,0.419691184964604,25642.084344244788,0.11757099516942705,22,7.679135331572658,0,4
B0852,0.28863120673897513,18145.003453112033,0.1758669119258064,22,5.720569273423654,0,4
B0853,0.5366581206012198,60478.765530952325,0.22854099500160785,36,3.25406267967963,3,2
B0854,0.6689030226461321,46658.409190264036,0.47715251249524276,30,2.8107951818975327,1,6
B0855,0.406483399793577,38733.75126332381,0.20132766670773308,31,13.797923060944616,0,3
B0856,0.09873392337642493,45817.568505816525,0.10506157212915405,45,5.262419134931894,1,7
B0857,0.4054825359591554,44086.605691074146,0.13685484929887212,42,0.8335341935839625,1,7
B0858,0.5728741369865,78455.7551266516,0.07034352731387361,48,2.6147494535956586,1,8
B0859,0.2308787537104812,78983.27110732977,0.3295606459230273,25,2.2556251763172113,3,6
B0860,0.5822933116494846,50338.83930964937,0.22102250805580095,31,2.8950106583473563,1,7
B0861,0.16350081884393608,60323.78344067808,0.3871636978318811,42,7.030997082213256,0,4
B0862,0.30108150065842726,49436.165548846846,0.4147605023306233,39,4.112553374317024,0,7
B0863,0.5245766321318893,27537.339447717917,0.2506060401001621,50,4.214401862049798,1,2
B0864,0.41368946599537765,57178.81862031722,0.47401534562609954,39,12.817078367382928,1,5
B0865,0.6568344950216716,15729.653356022825,0.057470115233799336,53,2.5672393230204094,0,3
B0866,0.05134079585533765,68345.76852954659,0.38548114536670913,40,19.91273786566602,1,7
B0867,0.4898301460649727,17734.83806126,0.4871259736927597,45,2.6194226395457525,1,5
B0868,0.4272547413000051,43108.780191168036,0.2627365663712483,31,4.8131827384911965,0,7
B0869,0.6366449726577876,21870.79851612859,0.1881101007522715,35,3.578834267125677,0,9
B0870,0.6058256543482649,50616.52534709809,0.5491198284603409,44,4.946772317364198,0,6
B0871,0.5010783693665695,35583.76823622026,0.14414643419034595,51,6.396005123753195,0,5
B0872,0.668857348265762,13948.767402500494,0.28680884417947,42,6.341201059514199,0,7
B0873,0.020623157043743557,46742.99942625876,0.17421239774138444,34,2.4534768365071904,0,1
B0874,0.22472079784559995,25674.345272833394,0.16349890804070852,48,1.8251611016988667,0,3
B0875,0.30052629425707067,61616.68865096449,0.10412103245534904,18,33.1995868884008,0,3
B0876,0.6779774252780011,36344.39999704738,0.519476829484264,20,3.0429046259772163,1,11
B0877,0.5658806663008037,46039.38897945266,0.14095813584713604,41,7.841028021343986,1,4
B0878,0.14248432414771958,20444.284318784667,0.19427256987064126,35,1.238482638375605,1,2
B0879,0.4377523761189916,25499.156728868722,0.3706607601227964,41,3.5833919505910963,0,5
B0880,0.5741596939979156,27579.191007506055,0.26714176321463384,35,4.048071086859482,1,7
B0881,0.32334522584442693,60719.57958079158,0.18160050377854414,40,6.542059707968646,2,2
B0882,0.15036219921769423,99352.1861913291,0.1725392066812919,26,0.5076498641738716,1,5
B0883,0.36858641934548836,22401.808001851543,0.2745845282196118,40,5.11876137307365,0,2
B0884,0.871100547351077,69293.67331084391,0.18097731996695146,44,1.7864078854761767,0,1
B0885,0.924468760218113,9879.26652241946,0.39132830918221145,47,5.809395780335756,1,6
B0886,0.4569667082153499,17738.38756903723,0.37926599193446736,55,1.9560685999162708,1,4
B0887,0.4328449836002325,20429.45326938586,0.29652571754562623,37,2.260562877828086,0,7
B0888,0.5735812352606291,16130.945491148916,0.3526147575112777,37,3.600590686858512,1,7
B0889,0.519739390922109,14042.545521939024,0.19368654373016678,19,1.9311900600548138,1,6
B0890,0.22478950304583786,46527.52478355687,0.26825781427280815,29,3.063544082330278,0,6
B0891,0.18471141606823938,31938.242057820677,0.1821569819938059,33,1.7251247818394655,0,6
B0892,0.749416027304169,45599.099092462486,0.5261826701604474,45,1.0340298443123326,1,7
B0893,0.17091850370525588,54955.75091958754,0.124777547929926,28,10.118502129073379,0,4
B0894,0.8674454476948016,42589.80549132902,0.2507956364705972,42,1.5890892378636912,0,9
B0895,0.10207720435984184,53887.72021898458,0.28578641062653054,34,3.8847370180764367,0,4
B0896,0.866272666119163,34831.61144355495,0.26210906425601715,33,8.185079021415696,0,6
B0897,0.3750042546131254,17815.140542672783,0.48697290897867657,37,2.740237835710525,0,7
B0898,0.08198224291117921,68506.81500957541,0.21664215830146583,31,2.316059569427447,1,4
B0899,0.7217774266877539,25502.524349152136,0.2806081650503514,30,5.37087303111779,1,6
B0900,0.5527466750314622,20715.597972606596,0.3466370552987023,18,10.961038801440186,0,2
B0901,0.5397833224253171,32638.54642430674,0.29428594709795913,32,1.758652319072072,0,6
B0902,0.45891807172473625,21000.750379453275,0.3114475008804538,30,3.9744315611102694,1,4
B0903,0.44379443659233186,28269.585002801832,0.167090865294795,29,1.1207569710561127,0,3
B0904,0.3223077778784459,44642.08723140689,0.10411726646726938,39,3.2721236129775115,0,3
B0905,0.4282521278854373,44757.08537391208,0.19708533475315376,41,4.606018176380304,1,5
B0906,0.5256960731150283,21190.36677838971,0.38684222489626,37,2.262115158867647,2,3
B0907,0.15315072122654783,27102.378654121174,0.2894650765385653,44,3.1093277116630893,0,4
B0908,0.6659165889926362,69189.18220458415,0.25555015930450037,40,1.4526922883005455,0,3
B0909,0.31471833648978415,48915.03393473609,0.2244111143255999,32,4.766741220335172,0,6
B0910,0.0736190573418908,126126.29479999546,0.6009842472388122,30,10.428635116191796,0,9
B0911,0.42588697112574037,73723.50122737684,0.5705924664824104,38,1.8631803705379892,0,5
B0912,0.5203271223784769,72155.28712449405,0.25665449677539803,40,2.7233495822979967,0,6
B0913,0.30407841904105903,15792.317549569674,0.08333335564029919,48,6.699527470798805,0,4
B0914,0.2514187060988534,57429.662147293624,0.7559339192671153,46,11.81857652605724,0,3
B0915,0.1704595482578861,35176.58421212294,0.8197328139974288,29,1.3572331110689255,1,9
B0916,0.4018206368702751,26092.701491833814,0.4854447487553563,33,3.9156142358244064,1,3
B0917,0.2153638767272868,40167.327858612305,0.23468462865882858,41,5.620972310098572,0,9
B0918,0.29537369464826,64031.275378507955,0.5687097367494747,45,4.130320006961032,0,4
B0919,0.2638989021672578,49045.26639374714,0.44364396924515725,44,0.6178969064379665,0,8
B0920,0.17511397607063817,21437.90121270807,0.27424981718571895,34,6.691727134728939,0,3
B0921,0.7926567951405198,56696.93025663371,0.3147057490708939,22,15.111697017612324,2,3
B0922,0.39024649603584155,24771.460290796367,0.11641480154355668,25,4.9201026835939405,0,5
B0923,0.8480354280584896,41357.5334539878,0.4648783447730996,37,1.9642591618545615,0,8
B0924,0.34976409711822504,30272.347756504972,0.4309058841775285,38,2.9727819648833043,0,3
B0925,0.6747080032928741,31846.419877700515,0.24724729471637014,24,18.465986164798572,0,4
B0926,0.7419619638234982,57511.820813625825,0.09706141868862438,35,9.281006803673344,0,8
B0927,0.8121762295920545,19455.474371052296,0.16667383336712324,41,7.478418167636178,0,3
B0928,0.5554915052092941,116671.438403926,0.13539731702903812,23,5.960355141652031,0,3
B0929,0.3854339123840556,12177.537661931308,0.393239784217615,46,2.640822205762905,0,2
B0930,0.5462779819226876,25371.94690390112,0.2601014419905871,31,3.817298812991464,0,7
B0931,0.5374130856583297,45348.26214972567,0.449376511086293,47,4.210838562944701,0,2
B0932,0.29850136703711566,51564.48812251022,0.07481741644834426,29,6.95638159130307,1,6
B0933,0.4599408339844254,34190.89185858997,0.4079151952527249,24,14.986279993118071,3,5
B0934,0.29844648536985885,35086.28450335057,0.30733510152467397,30,10.964584736609963,1,6
B0935,0.798000143472756,46459.21227143901,0.3947673712026059,34,1.4397831548850264,0,2
B0936,0.10052708158778899,31614.094022959453,0.1512084421902838,31,5.361243664463891,0,10
B0937,0.5126412017828089,83776.57851644262,0.2510662961669584,32,8.080151934527066,3,3
B0938,0.254503950180589,60090.64604374112,0.21498906239845655,38,7.352851992229271,2,6
B0939,0.5408289906263876,61309.77743570187,0.4648024619149102,33,2.7090905530542844,0,5
B0940,0.3947752038680594,20339.212783505714,0.07971572994900748,34,46.12187607125831,3,7
B0941,0.39925401064500693,34626.23619920993,0.1085876979811247,18,1.6133816018825218,0,6
B0942,0.38259306708967683,30324.778535978985,0.11974062491566158,38,1.8840980958642033,0,7
B0943,0.40189566547866795,19863.500375003656,0.10952186295257084,34,5.402577016483912,1,4
B0944,0.5979609580429861,45075.696968377975,0.1201867153746156,51,24.372183073033188,0,7
B0945,0.5324291210296724,26302.323107067718,0.24888934497421297,25,2.295714489441847,0,2
B0946,0.7506697512593629,53811.49031154677,0.32866482126390084,18,3.6231264288540657,2,6
B0947,0.319432197846067,19108.433522512616,0.09219996496200467,41,10.610403036851277,1,7
B0948,0.5294887370023533,101867.10674167146,0.24199911537895674,38,4.41810237106998,0,5
B0949,0.640072414024239,21209.413706140218,0.30310426110928274,24,3.429165428877239,0,4
B0950,0.3798740880583625,41422.57919479282,0.4030058374834903,19,7.0463258257787595,1,5
B0951,0.8621443947151246,58402.59403473463,0.05060047096710167,50,5.573450782512252,1,2
B0952,0.5277994937625765,25786.741458961176,0.3448931859287495,49,10.220045415061106,0,8
B0953,0.7537656684480384,60565.52925615854,0.3035474128758345,18,12.593428260311459,1,5
B0954,0.42455170213145543,17369.825989681107,0.23886620033675662,30,5.729352072636269,1,6
B0955,0.07936779258843878,86792.07715875149,0.17093896791706076,51,5.659786554600308,0,5
B0956,0.7493944990244058,36625.1176638647,0.1080732345725088,30,5.31901845732758,0,6
B0957,0.4733579004057559,25391.078603311133,0.07212621128164151,30,6.6280089196708944,0,8
B0958,0.8026277972780792,30348.152956902446,0.38813670972220216,32,4.683925359001724,1,7
B0959,0.45011915532539176,59003.4715882497,0.08731142074935945,23,4.479507978384855,0,0
B0960,0.7310964102815339,25573.880710831494,0.11697491644079362,18,11.673270980065318,0,4
B0961,0.9538676092990253,23164.712489284433,0.3224531691266633,45,15.07281732321488,1,7
B0962,0.4661028845462359,31795.436158797114,0.026861395076378185,18,1.3417270726650106,0,7
B0963,0.43938351731332187,17922.689022632258,0.26887149138736227,37,4.517762826345602,0,2
B0964,0.627980350417233,108263.82428861766,0.19523149568767242,43,2.5832400729289824,1,3
B0965,0.47637523574612967,25852.517016432255,0.30456243134300215,20,3.4946136530386673,0,9
B0966,0.30078454884002676,59812.50738761775,0.14970705612865684,25,6.184294714837878,1,7
B0967,0.5360639846176873,41178.93220025573,0.22793003725016892,47,7.656467360110316,1,8
B0968,0.4988571368512556,20116.176466753885,0.3284554701342941,40,4.097179643238079,1,4
B0969,0.5714866450189626,36185.98522863612,0.5144052031331324,28,0.9697933535301327,1,2
B0970,0.8309016647323578,58127.93682219141,0.18120706127316275,47,2.070859079717783,1,6
B0971,0.49295446408905524,32436.616383394427,0.17272747725048362,47,9.181583976063571,0,2
B0972,0.26860066494826834,74300.11418468184,0.10919795876437816,37,0.500403183935952,1,4
B0973,0.969604489666087,67030.91672980493,0.2311963786845543,25,11.58767138564883,0,9
B0974,0.12856316574956284,63028.91780233321,0.4311116916368805,30,6.800417399078206,0,4
B0975,0.6445113257990099,27562.348529236624,0.36320975358824,37,12.844823185452544,0,3
B0976,0.274635767213863,18998.105284946603,0.3437868850399363,33,3.823417478263612,2,4
B0977,0.7456294627761663,25130.749042091942,0.4087224436012568,44,0.8614619947284367,2,2
B0978,0.7668912420277479,40853.368797871,0.17908836547049728,19,6.323609150036409,1,7
B0979,0.32989173473031225,50386.17083024987,0.01802217303548483,20,12.425148196939949,1,7
B0980,0.663530500846304,9868.046177359616,0.16446720091967335,36,9.391240981676205,0,2
B0981,0.2715091892247628,36139.151257972844,0.3903189145471523,30,2.637540392058772,0,4
B0982,0.22402703900060958,39928.81549957531,0.13043653099606284,28,4.803807633207613,0,4
B0983,0.12914184240325258,30744.716772925774,0.4073982795830809,18,2.92627705375425,1,5
B0984,0.5903248370701344,78807.5673353389,0.25065058284390856,35,2.3270161595081733,0,6
B0985,0.6957876191529992,46773.31114465964,0.2879255951606096,34,9.624489664941493,1,6
B0986,0.651028351577538,79707.19564640425,0.40161639338592314,41,1.7193978649014092,0,8
B0987,0.3630708752208576,31901.990590744725,0.20147342162670484,35,2.1922904295346424,2,4
B0988,0.246944662762971,63734.831375713504,0.5711153654737801,33,1.85295098123604,0,1
B0989,0.1967713379644367,96861.73582029858,0.2526767595418192,46,1.3604315714546338,1,4
B0990,0.5638540385467231,79779.0381864308,0.558844381422837,21,5.038615961080541,0,6
B0991,0.9126439597248843,18858.425024830936,0.29622089423626075,40,11.349826287969567,0,3
B0992,0.7814281038868872,31188.176806679126,0.17375533918871547,18,3.865529204834089,0,4
B0993,0.7607522413471406,29522.299638991368,0.37401806296362206,26,1.3436660809379692,1,1
B0994,0.573462934162748,48705.76700462262,0.30236733395400656,22,8.775428778401345,2,7
B0995,0.9450074652095333,54820.09665607473,0.09475942530772673,42,17.26292957389778,0,2
B0996,0.17339075545959662,21953.11661817217,0.4956365040135205,34,2.672478023496588,1,9
B0997,0.6061793505716271,37824.15158317583,0.34285434964467326,34,3.056151933799348,0,6
B0998,0.7813962164871724,10808.018601300402,0.5254171748804622,23,6.770185616599467,1,5
B0999,0.1956635159667099,86263.94504288152,0.29643331451476884,32,16.403570068247866,0,10
B1000,0.4853019028783693,26704.181846644136,0.15049657669911554,27,2.9568741602965365,2,7
